,product
0,이거네 소갈비살 스테이크
1,가나다진마늘
2,안동식 순살찜닭
3,하림 블랙페퍼
4,탤리스 녹차아이스크림
5,풀무원 국산콩 청국장 찌개양념
6,뚝배기불고기
7,씨제이 만두
8,아몬드 오리지널 우유
9,서울우유 딸기맛
10,꼴뚜기젓갈
11,과일맛 캔디 사탕
12,의성마늘비엔나
13,크라상쁘띠
14,이마트 진심을 담은 쫄깃한 슈레드 모짜렐라 치즈
15,동원 리얼통살새우까스
16,돌 워터젤리복숭아
17,꼬깔콘 매콤달콤한맛
18,돌핀 폴라레티헬로썸머
19,프랑스 머핀 초콜릿 헤이즐넛필링 냉동빵
20,건고사리나물볶음
21,풍림 반숙계란장
22,포스 마이쮸딸기
23,백김치
24,씨제이 비비고 김치볶음
25,사과블루베리 동결건조 스낵
26,저지방 스낵
27,김해축협 한돈양념불고기냉동
28,숙 장아찌 돼지감자
29,하루노유키 케익 플레인
30,삼립 냉동 블루베리 요거트 왕슈
31,츄파춥스 미니언즈
32,라카아메 사탕
33,시나몬슈가 페스트리스틱
34,키즈 포션 치즈
35,소프트제리롤 월넛파운드
36,살라미
37,녹차생크림단팥빵
38,아이스노이에 말차 아이스크림
39,정통 커리 징가 마살라
40,피코크 제대로 맛을 내는 순두부찌개 양념
41,속초 두레찬 낙지젓갈
42,노브랜드 팝콘
43,고향만두
44,왕 만두
45,비타민디 우유
46,오뚜기 맛있는 오리지널 핫도그
47,동원냉장냉동 본엠 통그릴부어스트
48,호두파이 대
49,해물완자
50,삼립 뉴욕치즈무스
51,씨제이 맥스칩 오 과자
52,늘참 구이
53,매운 과자
54,쁘띠첼 요거젤리 복숭아
55,서울우유 멸균우유
56,미니프레즐 솔트
57,감자엔소스닷 청양데리야끼
58,피코크 만두연구소 평양왕만두
59,씨제이 비비고 배추김치
60,동광 젓갈 골라담기
61,제주하루미 전통젓갈
62,내추럴 아몬드 쇼콜라 우유
63,삼립 소프트 치즈케익 미니
64,프란시아 치즈
65,영덕게살 게간장 세트
66,피코크 조선호텔 맛 김치
67,개성감자만두
68,수원식갈비닭강정
69,프랑스 프리미엄 바게트 샌드위치 파베이크
70,국내산 수제 양념 돼지갈비
71,농심 감자깡 과자
72,찰떡
73,열우물 연근 동치미
74,큐원 베이킹파우더
75,크라운 카라멜콘땅콩
76,자연이 만든 해뜰 겉절이 김치
77,뼈가 좋아하는 고칼슘치즈
78,삼립 토스트를 위해 태어난 식빵
79,크라운 참쌀설병
80,삼양 핵불닭 떡볶이 용기
81,츄파춥스 미니
82,롯데 맘스 둥근달
83,독일 포도당정 사탕
84,피코크 후랑크 소시지
85,네니아플러스 네니아우리밀흑미찐빵
86,허쉬 토피넛앤초코바
87,검은콩
88,바른목장 멸균우유
89,마음심은 이종임 열무김치
90,매일 유기농우유
91,개성담백왕교자
92,프란시아 리코타 치즈
93,종가집 유기농 백김치
94,건표고버섯볶음
95,열무김치
96,피코크 고기 완자 전
97,캬라멜 녹차
98,씨제이 맥스봉 청양고추 후랑크
99,닭다리 후라이드치킨맛
100,식빵
101,상하목장 밀크 저지방
102,김순자 한성깍뚜기
103,수제 딸기 크림치즈
104,피코크 오리지날따봉
105,점보 샌드위치
106,쁘띠첼 치즈케이크 블루베리
107,피코크 젤라또 카라멜
108,다담정통된장찌개전용
109,캬라멜 밀크
110,솜사탕
111,콜라 아이스크림
112,브레드샵 피터스 블루베리베이글
113,더김치 배추물김치
114,직화 불곱창
115,닭다리 너겟
116,본래직화 불곱창
117,더반찬 낙지젓
118,씨제이 다담 순두부찌개 양념
119,페이장 브르통 브리치즈
120,자가비 과자
121,정통뉴욕 아지아고 치즈 베이글 파베이크
122,우유 200ML
123,추억의 수제 달고나 사탕
124,노브랜드 사과젤리
125,후앙 치아바타
126,노브랜드 케익
127,훈제 닭다리
128,상품 미트원 언양식소불고기세트
129,삼립 미니꿀호떡
130,퍼지락 캔디 버블껌
131,폭신폭신우유식빵
132,쌀 물만두
133,자가비허브솔트
134,크라제 비프 스테이크
135,끌레도르 파인트 아이스크림
136,촉촉한 카스테라 호두과자
137,불고기
138,삼립 냉동 정통와플 미니
139,프리미엄 쉐이크
140,장아찌 명이나물
141,나래식품 웰빙오징어젓
142,큐원 밀크 컴파운드 버튼
143,소문난 떡붕어
144,소담고기만두
145,리콜라 무설탕 사탕
146,동원 수제돈까스
147,청보마을 계명대학 프리미엄 발효 낫또
148,아맛나 아이스크림
149,쌀로별 사르르 인절미맛 과자
150,개성 왕새우만두
151,진한 초콜릿 파운드 흑임자 세트
152,피코크 제주 흑 돼지 햄
153,아몬드 누가 씨쏠트 카라멜
154,나래식품 미더덕쌈젓
155,구뭐낸 피레네 플레인 바움쿠헨 조각케익
156,씨제이 비비고 찐만두
157,대복 총각김치
158,오이소박이
159,씨제이제일제당 비비고 총각김치
160,오리온 포카칩 어니언맛 과자
161,미니도넛
162,캔디 카푸치노
163,두레찬 젓갈
164,베이컨 크럼블
165,올품 국내산 냉동 엄나무 삼계탕
166,멍게젓갈
167,숙 장아찌 더덕
168,맛있는 딸기우유
169,월넛파운드 잉글리쉬파운드
170,종가집 국산 다진마늘
171,서울 초코우유
172,진한 초콜릿 파운드
173,나뚜루 리치 더블 치즈 아이스크림
174,야채 우유
175,어메이징 훈제오리
176,굽네 더블소스 치킨스테이크 볼케이노
177,씨제이 다담 된장찌개
178,빠새
179,초코 우유
180,버터쿠키
181,닭갈비
182,미니 냉동생지
183,파스키에 버터크라상
184,가루쿡 만들기 사탕
185,김순자 김치명장 김치
186,콘 칩 스낵
187,동원 개성왕만두
188,설레임 아이스크림
189,씨제이 다담 냉이된장찌개 양념
190,삼립 까망베리크림치즈케익
191,시네마 버터갈릭팝콘
192,노브랜드 바닐라향 아이스 아이스크림
193,서울우유 초코멸균
194,씨제이 도톰동그랑땡
195,씨제이 쁘띠첼 스윗푸딩생크림커스터드
196,벨큐브 체다 치즈
197,피코크 해물 부추 전
198,창란젓갈
199,송도순 김치
200,아산 맛집 쭈꾸뿅 쭈꾸미 매운맛
201,매일우유 저지방
202,인스탄트 이스트
203,설야멱적 양념 소불고기
204,서울식품 초코칩트위스트
205,씨제이 김치
206,풀무원 달콤씨앗 호떡만두
207,흑임자 파운드 더블세트
208,해산물 롤딤섬
209,썬업 야채 샐러드 그린
210,동원 건강한 체다치즈
211,귀리유
212,참다올 백김치
213,동원소와나무 고칼슘치즈
214,엠앤엠즈 디스펜서 초콜릿
215,페어리루 사탕
216,삼립 버터롤 클래식
217,피코크 오색 꼬지전
218,매일 알라 크림치즈 플레인 기획
219,기린 고소한 옥수수 모닝롤
220,하남쭈꾸미 매콤쫄깃 하남갑오징어
221,로얄 젤리 캔디
222,미니치즈 체다
223,슈퍼밀크 우유
224,가리비젓갈
225,부라보 바닐라 아이스크림
226,노브랜드 치즈 치킨 가스
227,옛날 왕사탕
228,동그랑땡
229,맛을 소 갈비 찜 양념 소스
230,프리미엄참동그랑
231,피셔 허니 로스티드 믹스넛
232,맵달 부대볶음
233,서울 흰우유
234,피코크 맛 김치
235,유기농 아기치즈 단호박
236,수박맛이 우유속에 말랑말랑 밀크츄
237,노브랜드 망고젤리
238,신세계푸드 자이언트 통 닭다리구이
239,풀무원 국산콩 생청국장
240,종가집 동치미
241,대단한 나쵸
242,전철우 소갈비살구이
243,오뚜기 컵얼음
244,저지방 우유
245,피코크 훈제 오리 가슴살 슬라이드
246,정통뉴욕 플레인 베이글 파베이크
247,삼립 초코티라미스케익
248,타르타르 치즈
249,포스 마이쮸사과
250,과일퓨레 키위사과
251,아이스 경주빵
252,화이트데이 프리미엄 수제 초콜릿 캔디
253,교자
254,까망베르 치즈
255,해뜰식품 만든 해뜰 김치
256,정통 독일식 닭가슴살 소시지 프랑크 허브맛
257,씨알로 크런치너츠바
258,훈제 닭가슴살 슬라이스
259,해태 찹쌀 왕만두피
260,포기김치
261,락교
262,피코크 잔슨빌 폴리쉬 소시지
263,씨제이프레시웨이 우리밀 까망베르 치즈케익
264,하니 더블세트
265,체리동결건조스낵
266,춘향골 김치보감 당일 담근 총각 김치
267,속초 선호 백명란 분란
268,더김치 물김치
269,씨제이 다담된장찌개전용
270,치링치링 사탕
271,한성김치 김순자 김치명장 동치미
272,해태 아이밀크
273,리얼킹 비프
274,딸기 레모네이드
275,농협 아름찬 달콤밤
276,씨제이 비비고한섬만두
277,마음심은 석박지
278,동광 웰빙낙지젓
279,진주햄 콰트로치즈
280,남양 맛있는우유지티 슈퍼밀크
281,프리미엄고기산적
282,곡물 과자
283,연세우유 초코
284,늘참 양념 안창살 구이
285,오리온 나쵸 오리지널 치즈
286,멘토스 초코 사탕
287,피코크 모듬 전
288,오뗄 빅 맛있는베이컨
289,올반 슈퍼크런치 치킨텐더
290,테이스티홈 포기김치
291,위니비니엑스스누피 썸머스위츠미니웜즈구미
292,대복 포기김치
293,기린 옥수수식빵
294,갈비천왕
295,나래식품 갈치젓
296,스키틀즈 사탕
297,피코크 벨지안 밀크 초콜릿
298,빙그레 아이스크림
299,바베큐 폭립
300,타르트
301,프리미엄 물만두
302,피코크 낙지 볶음 양념 소스
303,프랑스 초콜릿 파운드 케이크 냉동빵
304,동원 왕새우만두
305,더건강한 통목살스테이크
306,해태 호두마루
307,멘토스 바틀 사탕
308,안동낫또 백태흑태
309,양념 소불고기
310,옛날 왕만두
311,매일우유 초콜릿
312,대만 마쉬멜로우 초코 사탕
313,페라리니 프로슈토 디 파르마 슬라이스 치즈
314,바비큐 마쉬멜로우 사탕
315,김해축협 한돈매운양념찜갈비 매운맛냉동
316,벨지움 슈가와플
317,무농약고구마로만든반건조첫사랑군고구마
318,더반찬 통등심돈까스
319,오리주물럭매운맛
320,오징어집
321,허브캔디 사탕
322,중화가 채용 과자
323,오리온 과자
324,프랑스 플레인 치아바타 파베이크
325,바로먹는 메츄리아
326,아이스크림 파인트 프로즌 스트로베리
327,스틱바 그린티앤아몬드
328,서프라이즈 에그 캔디
329,하니카스테라 소프트제리롤 세트
330,매일우유
331,삼양냉동 불닭왕교자3152
332,크라운 콘쵸
333,파 전병
334,달링 와규 앞다리시즈닝 스테이크
335,용가리치킨
336,삼양 물만두
337,피코크 젤라또 망고 앤 패션푸룻
338,부라보콘 체리 아이스크림
339,나토리 치타라
340,소막창구이
341,종가집 백열무 물김치
342,하겐다즈 파인트 키위 망고
343,취영루교자만두
344,피코크 호떡
345,피클
346,배윤자 찹스테이크
347,하겐다즈 그린티 아몬드 멀티바 아이스크림
348,굽네 로드 생닭안심살
349,라라스윗 바닐라
350,피코크 조선호텔 무 석박지
351,감자 사워 크림 어니언 과자
352,양파링
353,제주산 참기름
354,김해축협 한우등심양념불고기냉장
355,생낫또
356,숙주나물
357,국산콩 생나또
358,프로폴리스 캔디
359,동원 과일퓨레 망고사과
360,풀무원 부대찌개
361,김치 2400G
362,권기옥명인 깻잎장아찌
363,종가집 포기김치
364,피코크 제육볶음 양념소스
365,양지 육수
366,서울스낵 두부과자 고소한맛
367,미니컵 플레인 아이스크림
368,속초 멍게젓갈
369,떠먹는 티라미수
370,닭가슴살무가염
371,네니아플러스 네니아우리밀단호박팥찐빵
372,서울우유
373,콘칩 과자
374,씨제이 비비고 깍두기
375,카스테라 파운드 세트
376,감자군것질 오리지널
377,플레인 치즈
378,용대리황태해장국
379,피코크 명품 새우 부추 떡 만두
380,메이오 밀크
381,소프트 케익 더블세트
382,씨제이 더건강한베이컨스테이크
383,피코크 젤라또 커피
384,귀리우유
385,칸츄리콘 콘버터맛
386,종가집 썰어담은맛김치페트
387,청정원 콰트로치즈그릴비엔나
388,캔디미 꼬마캐리 사탕
389,권기옥명인 멸치볶음
390,유기농 쌀이팡 단호박 과자
391,옛날 간장찜닭
392,빙그레 딸기맛 우유
393,동광 가자미식해
394,오래오래 맛있는 포기김치
395,계피향 캔디
396,찬마루 고소한맛 쌈장
397,라베스트 티라미수컵
398,김해축협 한우등심 시즈닝스테이크냉장
399,스코 스키틀즈오리지날
400,풀무원 아임리얼 떠먹는 라즈베리
401,정통꿀호떡
402,씨제이비비고 열무김치
403,씨제이 총각김치
404,토이쿠키 만들기
405,아빠농장 어린이 호박고구마 말랭이
406,슈가파우더
407,농심 바나나킥 과자
408,매일 허쉬 쵸콜렛 드링크 우유
409,명란
410,마스카포네와 크림 치즈가 어우러진 정통 수제 치즈케익 치즈트랩 더블프로마쥬 딸기치즈케익
411,테이트프리모 아이스크림
412,또로롱 호두마루 아이스크림
413,아임닭 닭가슴살 김치만두
414,하겐다즈 초코렛 아이스크림
415,대림선 신선한 무말랭이
416,오리지널 우유
417,아이스크림 스틱바 바닐라카라멜아몬드
418,후앙 치즈 치아바타
419,사조오양 국내산 닭고기로 만든 버팔로윙
420,도도한 나쵸 치즈맛
421,굽네 볼케이노 치밥
422,광릉식 불고기고추장불고기
423,매일 우유 무지방
424,돼지 양념 소스
425,레몬 캔디 사탕
426,해태 쫄깃한 물만두4002
427,풀무온 다진 마늘
428,상하 슈레드치즈
429,오리온 오감자딥 양념바베큐
430,푸르밀 바나나 우유
431,큐원 컴파운드 버튼
432,노브랜드 칠리 새우
433,미트원 양념돼지불고기
434,옥동자
435,오리엔탈 새우하가우
436,백종원 홍콩반점 해물육교자
437,커피캔디 사탕
438,돌 곤약젤리 자스민 복숭아
439,로얄프레즐 초코
440,케틀 과자
441,피코크 떠먹는 쿠키앤크림 케익
442,제주김치 백년초 백김치
443,덴마크 짜지않은 치즈
444,슈퍼콘 바닐라 아이스크림
445,닭다리 오븐구이 바베큐맛
446,농심 알새우칩
447,잡채군만두
448,피코크 고추 잡채 호빵
449,오트밸리 카페에디션
450,한끼식사 굿굽네 닭가슴살 만두
451,칼국수
452,캔디 사탕
453,또로롱 마카롱바 아이스크림
454,아이스크림  
455,피코크 제대로 맛을 내는 매운 돼지 갈비찜 양념
456,탱글탱글 굴림만두
457,국산 무말랭이
458,갈비살
459,에어프라이어 순살치킨
460,레알감자 과자
461,불껍데기
462,굽네 닭가슴살 잡채볶음밥
463,벨큐브 유자 치즈
464,국내산 고구마롤 돈까스
465,본래직화 돼지껍데기
466,스코 사탕
467,노브랜드 고르곤졸라 치즈 소프트 콘 과자
468,실속세트 청양고추 닭가슴살 소시지
469,피코크 묵은지 김치 전
470,하겐다즈 쿠키크림 아이스크림
471,무말랭이 피클
472,새우젓갈
473,카토 시오아메소금사탕
474,동광 해양심층수 새우젓
475,춘천에서만든순수닭갈비
476,다향 밥엔덕
477,해태 체리마루
478,양념강정
479,깐깐 송도순 나박김치
480,피코크 다섯가지 곡물로 만든 오곡 초코볼
481,수미칩 허니 과자
482,월드콘 아이스크림
483,또띠야
484,등심돈카츠
485,씨제이 맥스봉 할라피뇨
486,동광 신안어담새우젓육젓
487,빙그레 슈퍼콘 초코 아이스크림
488,제주김치 유산균 맛김치
489,부라보콘
490,또로롱 바밤바 아이스크림
491,초록마을 뚜또유기농블루베리푸딩
492,동광젓갈 새우젓
493,트롤리 글로웜즈
494,프랑스 프리미엄 미니 스월 냉동생지
495,로투스 오리지날 벨기에 와플
496,조안나 업소용대용량아이스크림 바닐라
497,프리미엄 엑스오 교자
498,제주 불고기
499,고추장소스진미채
500,베리앤넛 에너지바
501,진한 블루베리 파운드 더블세트
502,씨제이 맥스봉 갈릭비엔나
503,피코크 장조림
504,파다노 치즈
505,가슈가이 커피사탕
506,하루 바움쿠헨 행운의 케익 맛차
507,파스퇴르 우유
508,바밤바 아이스크림
509,모짜렐라
510,종가집
511,국내제조 더덕무침
512,모듬 바람떡
513,요구르트 사탕
514,노브랜드 콘오리지널바
515,베베토 사탕
516,돼지 목심 양념 구이
517,미소담은 언양식소불고기
518,마음심은 열무물김치
519,안동낫또 안전한먹거리 꽉찬구성 국내산 검은콩낫또
520,빙그레 키위아작
521,목캔디파워허브파우치
522,명란젓갈분란
523,종가집 김치
524,베이 냉동빵
525,토스티토스 오리지날 또띨라 칩
526,고칼슘우유
527,바베큐
528,크라운 카라멜 메이플콘
529,파인트 아이스크림
530,청정원
531,오뚜기 맛있는 치즈핫도그
532,청우 순쌀 과자 미본 오리지널
533,마이쮸 사탕
534,나가사키 카스텔라 허니
535,호두멸치볶음
536,오울트리 바나나칩
537,잘린 찹쌀떡
538,도들샘포기김치
539,창화당 납작고기왕군만두
540,더건강한베이컨
541,그릴 닭가슴살
542,노브랜드 콘소메맛 팝콘
543,부드럽고 은은한 커피콩빵
544,청우 튀밥 과자
545,입안애다짐붉은대게살
546,메스테마허 프로틴 브레드
547,감자채햄볶음
548,고소한 저지방우유
549,엉클팝 보리과자
550,냉동 켄터키
551,비비고 썰은배추김치
552,성진 청국장분말
553,메스테마허 미니 파워 브레드
554,하루노유키 겹겹이 구워낸 바움쿠헨 피크닉
555,목우촌 주부
556,피코크 퐁당쇼콜라헤이즐넛
557,동광 웰빙오징어젓매운
558,도드람한돈 영양스테이크
559,스키틀즈 오리지날
560,노브랜드 순살 치킨 너겟
561,두부
562,아이스버그 캔디멍크
563,잉글리쉬 파운드 더블세트
564,목우촌 프라임 비엔나소시지
565,무항생제 우유
566,럭키 밀크 크레이프케이크
567,잉글리쉬파운드진한 초콜릿 파운드
568,진한 블루베리 파운드
569,돌산 김치
570,피코크 떠먹는 레어치즈 케익
571,빙그레 참 아이스크림
572,빙그레 꽃게랑
573,고추장굴비 세트
574,이종임의 포기김치
575,프랑스 미니 크로와상 냉동생지
576,지티 우유
577,씨제이 고메 바삭튀겨낸 모짜렐라돈카츠
578,프랑스 미니베이네 초콜릿 헤이즐넛필링 냉동빵
579,삼립 저온숙성 숙식빵
580,오리온 오징어 땅콩 오리지널
581,소담잎새군만두
582,남양 우유
583,에그디노 사탕
584,안흥식품 고소한 할매찹쌀 호떡
585,우리쌀로 빚은 밥알인절미
586,우리콩 백태
587,야채
588,더위사냥 커피 아이스크림
589,수미칩 바질페스토
590,월넛파운드진한 초콜릿 파운드
591,대왕어포
592,다담된장찌개양념
593,청정원 고구마츄
594,초코 아이스크림
595,씨제이 냉동케익
596,전용목장 멸균우유
597,히로타 딸기
598,렛츠웰
599,코다리간장조림
600,바다의 맛을 담은 젓갈
601,설렁탕
602,소프트제리롤 잉글리쉬파운드 세트
603,쌀눈쌀로만든유기농쌀가루중간입자
604,레드벨벳 크림치즈케익
605,풀무원 모짜렐라브리또에그토마토치킨
606,노브랜드 코코넛 과자
607,파스퇴르 기획세트 우유
608,아데스 오리지널 우유
609,피코크 계피 호떡
610,치즈육포
611,순대
612,씨제이 맥스칩 어니언믹스
613,프랑스 냉동 쁘띠버터 마들렌 냉동빵
614,동광젓갈 양념조개젓
615,해태 김치손만두
616,호두파운드 세트
617,블루베리
618,맥꾸룸 청국장
619,전라도 포기김치
620,치즈 360G
621,슬라이스 치즈
622,마포서서갈비양념 소로스구이
623,또로롱 죠스바 아이스크림
624,동원냉장냉동 토핑초밥유부바베큐참치
625,벨큐브 체다
626,블루베리 케이크
627,마늘
628,파스퇴르 레쉬 우유
629,삼립 냉동 정통와플 플레인
630,천하 캐빈디쉬 캔디 사탕
631,더반찬 통살생선까스
632,감자볶음
633,씨제이 쏘팔메토
634,곤약젤리애빠지다 청사과맛
635,메나쥬리 스트로베리크림롤
636,오리지널 닭가슴살
637,안동낫또 우리콩
638,동원에프비 저스트 양파칩
639,반건조 첫사랑 군고구마
640,풀무원 호떡만두
641,이거네양념 갈매기살
642,동원 동물친구들 비엔나
643,피코크 볶음 김치
644,하남쭈꾸미 하남갑오징어
645,오울트리 과자
646,깻잎
647,더반찬 싱글부대찌개
648,고추절임
649,생생칩 아메리칸버거맛
650,안심반찬 장아찌 간장절임
651,밀크레 서울우유 밀크릿
652,카스테라 호두과자
653,오리온 포카칩 표고버섯 과자
654,남양 맛있는우유지티 락토프리
655,사탕 2KG
656,매일두유 우유
657,프리미엄 쇼콜라 냉동생지
658,진저원 제대로 만든 간장 제육불고기
659,진주햄 천하장사 오리지날 미니
660,목캔디허브
661,안흥식품 쌀
662,생미쉘 프렌치도넛 초코마블
663,데본 클로티드 크림 치즈
664,프랑스 프리미엄 뺑포숑 파베이크
665,동광젓갈 창란젓
666,하림 매콤닭강정
667,더덕오이사과무침
668,와인안주 건망고 열대과일 태국 루쿤
669,맥케인 리에주슈가와플
670,롤리팝 어쏘티드
671,아몬드 언스위트 우유
672,오리온 꼬북칩 소금 과자
673,클로렐라 젤리
674,대림 떡
675,검정콩 캔디
676,제주담은 곡물연구소 느랏 통곡물 씨리얼바
677,피코크 제대로 맛을 내는 낙지 볶음 양념 소스
678,수제 전주 보리 초코파이
679,꼬막장
680,파운드
681,리얼밀슈스트링
682,아이스크림 바닐라
683,피코크 계란장조림
684,속초아바이마을전통젓갈 명태회무침
685,안심 베이비워터 매일 첫 워터
686,피코크 한입치즈돈까스
687,매일 아몬드브리즈 언스위트
688,씨제이 쁘띠첼 요거젤리 밀감
689,구워먹는 닭가슴살 탕수육
690,갈비 선물세트
691,삼립 미니 꿀호떡 요요
692,라라스윗 녹차
693,씨제이 묵은지 김치
694,씨제이 비비고 낙지비빔밥
695,라퀴진 브런치 베이컨
696,포도사과 사탕
697,삼립 고구마무스 조각케익
698,쌀로별 오리지널
699,아몬드브리즈 오리지널
700,꼬깔콘 군옥수수맛
701,덴마크 건강한 딸기딸기우유
702,검은통깨사탕 대용량사탕
703,무말랭이무침
704,풀무원 토이쿠키 만들기
705,국내제조 간장마늘쫑장아찌
706,피코크 궁중식 떡볶이 양념소스
707,피코크 제대로 맛을 내는 소 불고기 양념
708,무민 과일맛 소프트캔디
709,순살코다리강정
710,과일젤리 포도
711,한입갈비 선물세트
712,한돈간장불고기
713,하리보 골드베렌 젤리 곰돌이 사탕
714,슈레드 치즈
715,맛김치
716,피코크 초마 탕수육
717,프랑스 프리미엄 뺑라크림 냉동생지
718,굿초이스치킨너겟
719,강순 총각김치
720,피터스 플레인 베이글
721,자일리톨 닥터존스 캔디
722,파육개장
723,닭가슴살 수제 소시지
724,액트 과자
725,서울식품 미니크림치즈파이
726,씨제이 더건강한 통삼겹스테이크페퍼
727,미트원 양념소엘에이갈비
728,순살 춘천닭갈비
729,삼립 땅콩 미니샌드
730,하루노유키 케익 플레인맛
731,쁘띠첼 요거젤리 복숭아맛
732,자가비허브솔트맛
733,연세우유 초코맛
734,런닝맨 유산균음료
735,노브랜드 고구마형 과자
736,종가집 나박김치
737,오호츠크솔트 아이스크림
738,우엉 채 조림
739,연유팥앙금빵
740,지방을 줄인 고칼슘 치즈
741,고다 슬라이스 치즈
742,옛날 왕교자
743,매일 까멩베르
744,노브랜드 망고 아이스크림
745,개성왕만두
746,전주한옥마을 커피콩빵
747,피코크 언양식 불고기
748,에멘탈 슬라이스
749,피코크 미니팬케이크
750,요리연구가 이보은의 포기김치
751,올반 양념 소불고기
752,치즈케익
753,사탕 31G
754,셀렉션 아이스크림
755,일 드 프랑스 미니 브리 치즈
756,자주 달고나
757,종합캔디 사탕
758,통곡물바 화이트
759,스카치 카페라떼 초콜릿 어쏘티드
760,한만두 정갈한 부추갈비만두
761,김해축협 한돈양념찜갈비냉동
762,메나쥬리 치즈바게트
763,롤리노 카카오맛
764,속초 선호 맛있는젓갈
765,창화당 만두
766,우유 750ML
767,사탕 15KG
768,단호박 핫도그
769,프링글스 134G
770,짠맛을 줄인 속초 창난젓
771,검은콩사탕 대용량사탕
772,아이스가이 아이스크림
773,씨알로 콘시리얼바
774,종가집 묵은지김치
775,죠리퐁
776,매일우유 소화가잘되는우유
777,김치 500G
778,동원 돌 곤약젤리 얼그레이
779,삼립 냉동 허니버터브레드
780,창화당 새우지짐만두
781,다향오리 훈제오리
782,사조해표 팝콘 치즈맛
783,구구 크러스터 아이스크림
784,범산목장 아이스크림
785,정통 무르그마크니
786,빠삐코 아이스크림
787,피코크 시리얼바
788,아워홈 포기김치
789,과자 284G
790,순살찜닭
791,김치 1KG
792,통등심돈까스
793,티카 칩스 푸리오사스
794,씨제이 더 건강한 그릴후랑크
795,흑임자 파운드
796,부촌푸드 냉장 유황 손질생오리
797,창난젓갈
798,제주김치 자리젓 김치
799,멜론 앤 망고 과일치즈
800,프리미엄 초콜릿 머핀 냉동빵
801,롯데버터미니크로와상
802,오리온 썬 갈릭바게트맛
803,스모크 디스크
804,맥스봉
805,우유 900ML
806,제주 그대로 귤향 과즐 과자
807,소프트제리롤진한 파운드
808,김치 2KG
809,청정원 리치부어스트
810,김치 400G
811,치즈 78G
812,씨제이 우렁 양념
813,초콜릿 파운드
814,워커스 어쏠티드 토피스 앤 에클레어
815,디저트 박하사탕
816,김치 손만두
817,노브랜드 물만두
818,우엉조림
819,피코크 숙성등심돈까스
820,씨제이 고메너겟
821,후앙 왕소보루빵
822,소불고기
823,피코크 팥 호떡
824,고추장아찌
825,동원 표고고기완자
826,생나또
827,화과방 내입에 쓱떡 깨구름찰떡
828,와 아이스크림  
829,리얼 파마산치즈
830,아이스크림 460ML
831,롯데푸드 구구 크러스터 바닐라 아이스크림
832,오리지날 베이크드 치즈케익
833,안흥찐빵 찐빵 세트
834,종가집 맛있는 열무김치
835,청포도사탕 대용량사탕
836,엘이디 캔디
837,쌀로별 인절미맛 과자
838,풀무원 뚝배기 양념
839,바밤바 사탕
840,그대로 청국장
841,구운감자
842,바닐라 우유
843,김치 10KG
844,씨제이 쁘띠첼 치즈케이크 까망베르
845,씨제이 물만두
846,씨제이 왕교자
847,뽀로로 입술캔디
848,건시래기나물볶음
849,피코크 매운 찜닭 양념 소스
850,견과류 멸치볶음
851,멘토스 사탕
852,포스트 골든그래놀라레드빈그린티
853,미트스틱 오리지널
854,본래직화 불고기
855,도라지배즙
856,집으로온 치즈떡갈비
857,속초 낙지젓갈
858,김해축협 한돈제육볶음냉동
859,모짜렐라 슬라이스 치즈
860,울릉도 산마늘 명이나물취나물 장아찌절임
861,스트로베리 아이스크림
862,풀무원 아임리얼 떠먹는 복숭아
863,더건강한 통목살 스테이크
864,한성김치 한성포기김치
865,치즈 125G
866,미니볼돈까스키즈
867,사탕 4KG
868,어니언 데리야끼
869,씨제이 비비고 새우왕교자
870,후앙 마늘바게트
871,이마트 그래놀라
872,사그담 김치
873,불고기브라더스 광양식돼지불고기
874,씨제이 하선정쌈무새콤
875,카무트 스위트 과자
876,불고기월남쌈
877,싱싱 막김치
878,포테이토 크리스프 바비큐맛
879,하겐다즈 프로즌 요거트 스트로베리 아이스크림
880,과자 83G
881,삼호 감자수제비
882,매일 우유
883,냉동 바나나슈
884,미성 머쉬멜로우
885,휘트니스 포도당 사탕
886,피코크 딸기 그대로
887,프링글스 양파맛 과자
888,노브랜드 메밀김치전병
889,터키쉬 사탕
890,켈로그 팝타르트 블루베리
891,매일유업 알라슬라이스 고다 치즈
892,달링 다운 와규 칼집양념구이
893,우유식빵
894,등심 돈까스
895,김해축협 한우 한돈 양념육
896,양념돼지 불고기
897,롯데 통밀식빵
898,진한 블루베리 파운드 초콜릿
899,치즈 200G
900,메나쥬리 초코크림롤
901,우유 1000ML
902,아이스크림 660ML
903,김치 80G
904,씨제이 비비고매운왕교자
905,피코크 솔트 카라멜 크림 치즈 팝콘
906,하림 간장닭강정
907,또로롱 팥빙수 아이스크림
908,닭곰탕
909,묵은지 김치
910,삼각 포리
911,피코크 계란찜
912,전통 그대로 완당
913,훈제오리
914,신안 프리미엄특등급새우젓추젓
915,도드람돈까스
916,귀리 녹차맛
917,화이트슈
918,삼립 미니누네띠네
919,하겐다즈 마카다미아 넛 아이스크림
920,피코크 맛김치
921,허니버터칩미니팩
922,오리온 어니언 과자
923,서울식품 밤데니쉬
924,의성마늘 롤만두
925,사조안심 닭가슴살 훈제
926,하선정 장아찌
927,진한 흑임자 파운드
928,어린이치즈 앙팡
929,월넛파운드 잉글리쉬파운드 세트
930,두마리목장 구워먹는 할루미치즈
931,막대사탕
932,끌레도르 프리미엄아이스크림 종합 세트
933,임실 치즈
934,숙 방풍나물
935,남양 고소한 락토프리 우유
936,속초 파치
937,부드러운 현미스낵
938,강순의명가 치자백김치
939,권기옥명인 한우볶음고추장
940,구운 에어 치킨 윙봉국내산
941,김치 900G
942,츄파춥스 헬로키티 사탕
943,덴마크 복숭아 우유
944,치즈 227G
945,김치 1700G
946,동원 본엠 통그릴 비엔나 와인숙성
947,테이스티홈 국내산 묵은지
948,새참 잡채 군만두
949,싱그람 김밥용우엉
950,들깨 수제강정
951,파스퇴르 무항생제 바른목장 우유
952,삼층치즈 크림
953,녹차먹인 다향 훈제오리
954,국내산 팥으로 만든 안흥단호박찐빵
955,우엉피클
956,영양바
957,씨제이 더건강한통삼겹스테이크갈릭바질
958,강원도 절임배추
959,노브랜드 왕교자
960,춘향골 김치보감 생 포기 김치
961,순수돈까스 500 G
962,사나이창
963,젓갈명물
964,김치 550G
965,우유 1800ML
966,피코크 오이 피클 절임
967,안동낫또 생청국장 흑태
968,하늘농산 하늘내린 비건 김치
969,피코크 쉬폰케익
970,매일 바이오 플레인
971,매일 바이오 플레인맛
972,지베가 슬라이스치즈
973,아이스크림 90ML
974,사탕 110G
975,삼립 블루베리 왕슈
976,프랑스 프리미엄 미니 초콜릿 트위스트 냉동생지
977,노브랜드 크리스피롤
978,뽕따소다 아이스크림
979,노브랜드 초코 아이스
980,우유 185ML
981,옛날 쌀떡국
982,피코크 아이스 각얼음 아이스크림
983,돌 워터젤리
984,치킨너겟
985,마카롱
986,벤토핫앤스파이시
987,통살생선까스
988,종가집 썰어담은 포기김치
989,피코크 망고캔디 사탕
990,치즈 20G
991,딤채식품 건강담은 백김치
992,리틀팝 카페라떼
993,하선정통오이지
994,동광젓갈 웰빙명란젓
995,하림 하얀속살비엔나
996,무생채
997,스윙칩 과자
998,씨제이 유산균 생나또 달콤간장
999,쁘띠첼
1000,초록마을 국산유기농발아보리차
1001,도미솔 박미희 총각김치
1002,천하일미 이원일 전통소불고기
1003,동원 생선까스
1004,씨제이 고메 크림치즈호떡만두
1005,수제치즈돈까스
1006,리콜라 허브캔디 드럼
1007,고소한 호떡
1008,끌레도르 프리미엄아이스크림 레드카펫치즈케익컵
1009,진주햄 비엔나 오리지널
1010,필라델피아 치즈케익 오레오
1011,필라델피아 치즈케익 오레오맛
1012,창화당 고추지짐만두
1013,아이스크림 402ML
1014,초코캣바
1015,청정원 휘슬링쿡 안주야통마늘곱창볶음
1016,도들샘 가마소테누룽지
1017,오리온 오그래놀라바 무화과베리
1018,오리온 포카칩 어니언맛
1019,오리온 포카칩 어니언
1020,프리미엄 파베이크
1021,롯데 에센브런치 비엔나 리얼치즈
1022,복숭아볼 사탕
1023,노브랜드 치킨봉
1024,프랑스 초콜릿 스위스 냉동생지
1025,동원냉장냉동 리얼 랍스터
1026,과자 250G
1027,커피고 레귤러 사탕
1028,닭가슴살
1029,프랑스 프리미엄 크로와상 냉동생지
1030,닭가슴살볼 깻잎맛
1031,수제 치즈케익 치즈트랩 케익
1032,핫케이크가루
1033,바닐라 카라멜 콘 아이스크림
1034,낙지젓갈
1035,강된장 비빔양념
1036,서울우유 까요까요 플레인
1037,굽네 슬라이스
1038,어네스트 파이버 퀴노아베리
1039,대림선 우엉조림
1040,고구메 과자
1041,어리굴젓
1042,모닝하임 동그랑땡
1043,콩자반
1044,치즈 252G
1045,커피맛단지
1046,씨제이 하선정통오이지
1047,동원소와나무 피자치즈
1048,맛좋은 김치
1049,풀무원 해물순두부 찌개양념
1050,참깨수제강정
1051,롯데 따봉 파인애플
1052,새우장
1053,쁘띠첼 워터젤리 사과
1054,더건강한 통오리오븐구이슬라이스
1055,깐 근위
1056,풀무원 모짜렐라브리또비프할라피뇨
1057,남도전통 막창 암뽕순대
1058,피키바 니드 포 시드
1059,떠먹는 초코무스케익
1060,멸치아삭
1061,해태 고향왕교자골드
1062,돌 워터젤리망고
1063,김치 3KG
1064,피코크 조선호텔 포기김치
1065,요리연구가 이종임의 명품 엘에이갈비
1066,삼양 우유
1067,사그담 동치미
1068,비비고 왕교자
1069,훈제 오리 순살 슬라이스
1070,피코크 스모크 닭다리
1071,츄파춥스 리필팩
1072,우리집 비상반찬굽네 닭가슴살 장조림
1073,국물떡볶이 양념소스
1074,스키틀즈 사워
1075,씨제이 고메 만두
1076,동원 개성왕새우 군만두
1077,동원 감자물만두
1078,피코크 김유조 안동 단호박 식혜 음료
1079,굽네 갈릭허브 수비드 닭가슴살
1080,삼원가든 소불고기
1081,동원 해물모듬완자
1082,동원 해물새송이완자
1083,카스테라
1084,오뗄 치즈인그릴후랑크
1085,동원 소와나무
1086,우리통밀 김치만두
1087,동원냉장냉동 통그릴비엔나
1088,월드콘 멀티 아이스크림
1089,사탕 120G
1090,옛날 잡채왕교자
1091,서울우유 목장의 신선함이 살아있는 모짜렐라
1092,프랑스 프리미엄 미니 뺑오레장 냉동생지
1093,종가집 열무김치
1094,치즈 204G
1095,올반 숯향불고기
1096,이마트 진심을 담은 유기농 아기치즈
1097,삼립 아이스초코모찌롤
1098,피코크 블루베리 젤리
1099,김해축협 한돈제육볶음냉장
1100,덴마크 대니쉬 우유
1101,장석준명장명란 비빔세트
1102,본래야채순대
1103,스노우치즈케익
1104,덴마크 무항생제 딸기우유
1105,로얄 프레즐 크림치즈
1106,프리미엄 바게트 파베이크
1107,피코크 안동인 안동 찜닭
1108,프레쉬 밀크 아이스크림
1109,저염 훈제 닭가슴살
1110,미니언즈 캔디 사탕
1111,꼬북칩 시나몬 과자
1112,아이스크림 474ML
1113,마늘맛 소시지
1114,양념소엘에이식갈비구이
1115,바나나 멸균우유
1116,덴마크 무항생제 인증목장 우유
1117,초록마을 유기능볶음콩가루
1118,종가집 총각김치
1119,양반 포기김치
1120,삼립 폭신폭신 에그볼
1121,고다 치즈
1122,매그넘 아이스크림
1123,메나쥬리 카라멜데니쉬
1124,하겐다즈 아이스크림
1125,탱크보이 아이스크림
1126,피코크 볶음밥
1127,하루노유키 바움쿠헨 행운의 케익 피레네 플레인
1128,사탕 600G
1129,종합디저트 캔디
1130,씨제이 비비고 물만두
1131,김치 225G
1132,닭가슴살볼 치즈맛
1133,더 엑설런트디저트
1134,토굴 새우젓
1135,과자 400G
1136,소와나무 이태리안 치즈
1137,씨제이 레몬
1138,씨제이 레몬맛
1139,유기농배도라지액
1140,피코크 피콕반점 깐풍기
1141,과자 100G
1142,씨제이 백설동그랑땡
1143,전용목장 우유
1144,참기름자반볶음
1145,포스 마이쮸포도
1146,포스 마이쮸포도맛
1147,피코크 마몰로 치즈케익
1148,씨제이 쁘띠첼 망고
1149,사탕 116G
1150,명가일품 한입에 반한 싱싱 총각김치
1151,직화 닭발
1152,베이킹파우더 과자
1153,취영루 군만두
1154,대림선 신선한 연근조림
1155,씨제이 비비고물만두
1156,목우촌 프라임 로스트햄
1157,메나쥬리 먹물포카치아
1158,돼지바 아이스크림
1159,과자 150G
1160,쇠고기메추리알장조림
1161,씨제이 더건강한 이탈리안통베이컨 페퍼
1162,종가집 맛김치
1163,고소한 연세두유
1164,서울 커피우유
1165,충북 충주 옛맛그대로 항아골 청국장
1166,제주김치 백김치
1167,씨제이 비비고 청양고추 찐만두
1168,콘견과바
1169,영양간식 구움과자 고구마꿀호박꿀밤
1170,송도순 나박김치
1171,과자 125G
1172,갓담근 생생아삭김치
1173,우리밀쌀국수
1174,진주햄 천하장사 오리지날
1175,삼양 흑당짱구
1176,래핑카우 퍼즈 솔로 치즈
1177,매일 상하치즈 후레쉬 모짜렐라
1178,하니카스테라진한 블루베리 파운드
1179,농협 감말랭이
1180,닭가슴살 혼합
1181,치즈 80G
1182,명가일품 반한 포기김치
1183,허니버터칩 라벤더앤블루베리
1184,허니버터칩 라벤더앤블루베리맛
1185,권창중 명이절임
1186,떠먹는 몽블랑 케익
1187,종가집 시원한 동치미
1188,사조안심 닭가슴살 마일드
1189,매콤한 낙지볶음
1190,사탕 200G
1191,카카오 큐빅 그린티 치즈
1192,리얼프렌치 크로크무슈 베이컨치즈
1193,씨제이 더건강한그릴비엔나200 엑스
1194,숙 장아찌 곤드레
1195,과자 126G
1196,콘치 과자
1197,삼립 토종 효모로 만든 로만밀 통밀식빵
1198,노브랜드 치즈 크림 케익
1199,부라보콘 수박
1200,부라보콘 수박맛
1201,본래직화 고추장불고기
1202,연세 멸균우유
1203,종가집 국산깻잎지무말랭이 기획
1204,서울스낵 불고기맛
1205,저염 백명란젓 파치
1206,프랑스 프리미엄 냉동 마들렌 냉동빵
1207,피코크 김유조 안동 찹쌀 냉동 식혜 음료
1208,남양 우유 지티 저지방
1209,오리지날 버터크림캔디
1210,치오프레즐오리지날
1211,한끼애 무말랭이무침
1212,시그니처 더블샷바닐라
1213,마포서서갈비양념 부채살로스구이
1214,허쉬 녹차 아이스크림
1215,피코크 제대로 맛을 내는 된장찌개 양념
1216,매일우유 딸기
1217,프룻츠향 사탕
1218,왕만두
1219,우유 180ML
1220,과자 180G
1221,과자 72G
1222,씨제이 고메 크림치즈 호떡만두
1223,유니레버 바닐라바 아이스크림
1224,과자 205G
1225,씨제이 비비고군만두
1226,피코크 닭볶음탕 양념
1227,후앙 모찌
1228,홈런볼 과자
1229,창화당 모둠만두
1230,마파두부양념 소스
1231,올반 맛김치
1232,한입가득 군만두
1233,후앙 드 몽블랑
1234,노브랜드 군 만두
1235,피코크 계란말이베이컨
1236,매일우유 상하목장 슬로우 밀크
1237,우유 190ML
1238,왕 쪽갈비
1239,매일유업 하바티 치즈
1240,삼립 단팥빵
1241,과자 170G
1242,풀무원 토이쿠키 냠냠간식만들기
1243,큐빅 영양갱
1244,호두마루 아이스크림
1245,몬트레이 잭 치즈
1246,서울우유 앙팡치즈 까요까요 딸기
1247,오뚜기 라이스 스파이시
1248,시금치치아바타
1249,동광젓갈 오징어
1250,후레쉬팡
1251,팝콘 카라멜맛
1252,치즈 170G
1253,김치 1900G
1254,동광젓갈 웰빙낙지젓매운
1255,뽀뽀뜨김치 맛김치
1256,씨제이 더 건강한 그릴비엔나
1257,헤르스 쿡 포테이토 칩 할라피뇨
1258,소와나무 크림 치즈
1259,늘참 양념 토시살 구이
1260,종가집 백김치
1261,치즈 176G
1262,안흥식품 원조 단호박 찐빵
1263,바로먹는 붉은대게 게살게딱지장
1264,사조 대림선 빅불고기햄
1265,빙그레 바나나맛 우유
1266,오리온 스윙칩 볶음 고추장맛
1267,굽네 블랙올리브 수비드 닭가슴살
1268,피코크 칠리 닭가슴살
1269,매일우유 위편한 구트
1270,사탕 12G
1271,피코크 퐁당쇼콜라피스타치오
1272,삼립 미니꿀약과
1273,풀무원 정통된장찌개전용
1274,씨제이 떡볶이 양념
1275,칙촉샌드
1276,우유 730ML
1277,대복 동치미
1278,피코크 계란말이참치
1279,한우불고기
1280,우유 150ML
1281,버팔로 위드 치즈
1282,종가집 깍두기 김치
1283,지숯불구이닭꼬치
1284,이옥래 전통 안흥찐빵 혼합세트
1285,원조 흑미쌀 찐빵
1286,과자 40G
1287,송도순 총각김치
1288,치즈 150G
1289,비앤피월드 양념토시살 구이
1290,가루쿡 키친 도넛 만들기
1291,피코크 제대로 맛을내는 안동식 찜닭 양념
1292,치즈 250G
1293,네니아 오미자로쭈
1294,씨제이 다담 매운낙지볶음양념
1295,하늘농산 김치
1296,노브랜드 한입찰만두
1297,삼립 잉글리쉬 머핀
1298,수제단팥빵
1299,매일우유 상하목장 케피어
1300,전용목장 딸기 멸균우유
1301,어리굴젓갈
1302,한만두 달달한 콘치즈 군만두
1303,지브레디드 버터플라이새우
1304,김치 5KG
1305,올반키친우리밀김치손만두
1306,삼립 아이스딸기모찌롤
1307,나래식품 웰빙낙지젓
1308,짜지않은 아기치즈
1309,우유 930ML
1310,우유 120ML
1311,깐깐 송도순 백김치
1312,호두파이
1313,피코크 만두연구소 도토리전병
1314,김미영햇살손만두 납작고기만두
1315,프랑스 프리미엄 미니 크랜베리 트위스트 냉동생지
1316,월넛파운드 더블세트
1317,피코크 양념
1318,테이스티 국내산 깍두기 김치
1319,프랑스 프리미엄 미니 뺑라크림 냉동생지
1320,피코크 만두연구소 물만두
1321,제주우유
1322,노브랜드 감귤젤리
1323,유기농 아이스크림 474 ML
1324,피코크 밤 깻잎 무침
1325,진주햄 더블링 콘크림치즈 비엔나
1326,누리원 맛김치
1327,후앙 모닝빵
1328,골드베렌 골드베어 사탕
1329,프랑스 파베이크
1330,매일 멸균 우유
1331,동원 덴마크 짜지않은치즈 고칼슘비타민
1332,허쉬 쿠키엔크림바
1333,무뼈 직화 불닭발
1334,이마트 진한 풍미 포기김치
1335,연근조림
1336,동원 치즈
1337,크리미 초코 아이스크림
1338,과자 82G
1339,김해축협 한돈 엘에이식 양념갈비냉동
1340,동원 오븐통그릴 직화통삼겹
1341,미니 프레첼 맛 과자
1342,쇠고기옛날간장조림
1343,족발
1344,과자 134G
1345,피코크 젤라또 스트로베리 아이스크림
1346,스코 카라멜 사탕
1347,깔끔한 우유
1348,바주카 푸쉬팝 사탕
1349,과자 300G
1350,롯데 베이컨
1351,쪽파김치
1352,대림 빅치킨너겟
1353,채식쉐이크
1354,스코 롯데 향 사탕
1355,오리온 오그래놀라바 단호박고구마
1356,모닝하임 만두
1357,씨제이 쁘띠첼 구미젤리 포도
1358,인포켓 오리지널 치즈
1359,피코크 울트라 빅 치즈 후랑크 소시지
1360,수제 목장 요거트 치즈
1361,단호박 안흥찐빵
1362,우리밀로만든 어린이 만두
1363,피코크 속이 꽉찬 명란 젓
1364,해태 고향만두 궁
1365,안흥식품 금바위 감자손만두
1366,메나쥬리 식빵
1367,소담김치만두
1368,아이스크림 510ML
1369,땡큐리포장마차 매콤한 쭈꾸미볶음
1370,포테토칩 콘치즈맛
1371,대용량 타코와사비
1372,자연송이 투뿔 한우 불고기
1373,양파칩 오알 살구 코코넛칩
1374,온더보더 할라피뇨맛 과자
1375,마음심은 포기김치
1376,팥이 꽉찬 국내산 아이스 찰보리빵
1377,고칼슘 글루코사민우유
1378,간편하닭 가슴 청양고추
1379,초코렛 아몬드 콘
1380,크라상
1381,동원 개성 왕불고기만두
1382,광양매화골농원 매실본가 청매실 절임
1383,더건강한 통삼겹 스테이크
1384,사탕 100G
1385,크런치넛 에너지바
1386,피코크 한입등심돈까스
1387,풀무원 사천식매콤 호떡만두
1388,닭가슴살 소시지 핫바 혼합
1389,그릴스시
1390,씨제이 맥스봉크림치즈콘
1391,치즈케익 더블프로마쥬 치즈케익
1392,아이스크림 750ML
1393,유가 카라멜 사탕
1394,부대찌개
1395,비비고 김치
1396,올반 육즙가득짬뽕군만두
1397,노브랜드 빅그릴프랑크
1398,사탕 141G
1399,가그린 쿨키스 캔디 사탕
1400,피코크 크로크무슈
1401,남양 맛있는 우유 지티
1402,과자 80G
1403,우유 2300ML
1404,제주담은 김부각
1405,씨제이 쁘띠첼 바나나푸딩
1406,사탕 40G
1407,사탕 1380G
1408,노브랜드 부드러운계란과자
1409,김해축협 갈비 양념육
1410,뽀뽀뜨 볶음김치
1411,상하 치즈
1412,오리지날 허브캔디
1413,사탕 310G
1414,찹쌀 왕만두피
1415,해태 찹쌀 만두피
1416,과자 70G
1417,단호박안흥찐빵
1418,큐원 분말한천
1419,위니비니엑스스누피 썸머스위츠장미모양구미
1420,달구벌 즉석돼지막창
1421,피코크 레드벨벳케익
1422,우림 박하향 캔디실속형
1423,씨제이 맛밤
1424,씨제이 깍두기 김치
1425,바닐라 미니바
1426,라퀴진 롱에센뽀득
1427,야채제육
1428,해태 사오롱만두
1429,명이나물
1430,덴마크 인증목장우유
1431,서울스낵 찹쌀과자 떡볶이맛
1432,파스키에
1433,피코크 피콕반점 유산슬
1434,자주 달콤함그대로고구마칩
1435,브리오슈 트레쎄
1436,상촌 된장
1437,밀라 마스카포네
1438,삼색새우 하카우딤섬
1439,프랑스 냉동생지
1440,찰옥수수 아이스크림
1441,사탕 460G
1442,비락 마시는 한끼 세트 우유
1443,하겐다즈 바닐라 캐러멜 아몬드 멀티바 아이스크림
1444,사탕 29G
1445,크런치 치킨텐더
1446,지티 아인슈타인
1447,닭 가슴살
1448,새싹보리 고추장굴비
1449,굽네 닭가슴살 만두
1450,더반찬 볶음김치
1451,엠바레 코코아밀크캐러멜
1452,매일유업 바나나는 하얗다 멀티
1453,씨제이 고메 콘수프
1454,검은깨맛 박하향사탕 대용량사탕
1455,씨제이 트리플치즈케익
1456,김치 2700G
1457,찰 식빵
1458,피코크 스모크 슬라이스 햄
1459,우유 150G
1460,파스키에 트레쎄
1461,오스카마이어 저염베이컨
1462,요거트감귤 샌드웨이퍼
1463,빙그레 빵또아
1464,비비고 배추김치
1465,풍미막창 자숙
1466,해태 리틀텐 아이스크림
1467,덴마크 우유
1468,생크림카스테라 화이트
1469,씨제이 청국장찌개 양념
1470,농심 과자
1471,과자 140G
1472,팝콘치킨
1473,미니 푸르티
1474,피코크 생 돈육 왕만두
1475,사탕 810G
1476,유에프오 사탕
1477,호주산 양념소 구이
1478,두메산나물비빔밥재료
1479,스키틀즈 버라이어티팩
1480,에멘탈 큐브
1481,소시지 후랑크맛
1482,할매안흥찐빵
1483,씨제이 더건강한 브런치 후랑크 오리지널
1484,토굴숙성 광천새우젓
1485,프랑스 프리미엄 뺑바타르 파베이크
1486,깐깐 포기김치
1487,종가집 고들빼기
1488,덴마크 대니쉬 더건강한 저지방우유
1489,명가일품 한입에 반한 싱싱 특겉절이 김치
1490,스윗푸딩 뉴욕치즈
1491,미니 피트니스 브레드
1492,삼립 냉동 하드롤 바게뜨롤
1493,당일제조 국내산 포기김치
1494,엠바레 밀크캐러멜
1495,후룻바이더풋
1496,한성 토굴숙성 광천 새우젓
1497,동광젓갈 순명란젓송송
1498,하선정 먹기좋게자른 오이지
1499,아몬드 과일치즈
1500,피코크 생 깻잎 무침
1501,어메이징 훈제치킨
1502,피코크 제대로 맛을 내는 오징어 볶음 양념
1503,뽀뽀뜨김치 깍두기
1504,속이알찬 미니 팥빵
1505,시 모짜렐라 피자치즈
1506,김치 2500G
1507,명태회무침
1508,삼립 냉동 화이트 치아바타
1509,후앙 빵
1510,삼립 옥수수꿀호떡
1511,삼립 옛날 꿀호떡
1512,요구르트
1513,애플 캔디 사탕
1514,제주 양념 불고기
1515,프라임 프랑크소시지
1516,전통 새우육젓
1517,영양찰떡
1518,깐 간장새우장
1519,럭키 초코 크레이프 케이크
1520,피코크 콩자반조림
1521,나뚜루 피치요거트
1522,피코크 군만두
1523,빅베이비팝
1524,치즈 480G
1525,치즈 144G
1526,훈제 닭가슴살
1527,츄파춥스 사탕
1528,돼지껍데기
1529,이마트 미니캔디 사탕
1530,다향 촉촉닭가슴살
1531,단백질바
1532,치토스 매콤달콤한맛
1533,남양 멸균 아인슈타인 베이비
1534,네니아플러스 네니아우리밀통팥찐빵
1535,진주햄 담백하고 고소한 홈소세지
1536,크림치즈 오리지널
1537,피넛버터 아이스크림
1538,엑설런트 오리지널 아이스크림
1539,피코크 달콤닭강정
1540,씨제이 비비고 왕교자
1541,남양 초코에몽
1542,치킨팝 닭강정맛
1543,리콜라 선물 사탕
1544,씨제이 맥스칩 포테이토 과자
1545,영국식 수제 생소세지
1546,마늘 피클
1547,라이스 치즈
1548,사탕 42G
1549,종가집 담은 김치
1550,한입에 반한 오이소박이 김치
1551,이종임 포기김치
1552,맥양념청국장
1553,국내산 오징어젓갈
1554,사탕 165G
1555,창란 기획상품
1556,풀무원 컵 아이스 아이스크림
1557,부촌푸드 국내산 냉장 간장 돼지불고기
1558,아이스크림
1559,노브랜드 빅그릴비엔나
1560,비비고 백김치
1561,만든 감자칩
1562,도리토스 갈비천왕치킨맛
1563,뉴크리스피쿠키세트
1564,안동낫또
1565,피코크 비엔나
1566,치팸 클래식
1567,노브랜드 칩 과자
1568,소시지 위드 치즈
1569,이마트가 팜 크랜베리오랜지 치즈
1570,씨제이 맥스봉 치즈후랑크
1571,피코크 치즈 따봉 소시지
1572,생생감자칩 오리지날
1573,크립스 시솔트 감자칩 과자
1574,순두부찌개 기획
1575,가나 다진마늘
1576,씨제이 맥스칩 러블리스윗펌킨
1577,사탕 140G
1578,왕교자
1579,꽈리고추멸치볶음
1580,종가집 오래오래 맛있는 총각김치
1581,노브랜드 오렌지 쇼콜라 케익
1582,명란젓갈
1583,사탕 324G
1584,동원 얇은피 고기만두
1585,검은깨 수제강정
1586,씨제이다담 양념듬뿍쌈장
1587,굽네 닭가슴살 교자만두
1588,캬라멜맛 사탕
1589,캬라멜 사탕
1590,흑미 함박스테이크
1591,굽네 닭가슴살 후랑크 할라피노
1592,겹겹이 구뭐낸 플레인 바움쿠헨 조각케익
1593,진한 궁중 삼계탕
1594,아이스 찰보리빵
1595,청매실 고추장 장아찌
1596,프랑스 프리미엄 솔티드버터캐러멜 머핀 냉동빵
1597,과자 129G
1598,씨제이 고메 야끼소바
1599,이엠 고추장 불고기
1600,종가집 메추리알 장조림
1601,베누 크림스프
1602,프랑스 프리미엄 스틱네이쳐 파베이크
1603,오리온 왕고래밥
1604,피코크 고기 동그랑땡
1605,노브랜드 한입쏙쏙비엔나
1606,건가지튀김강정
1607,삼립 달콤한 화이트슈
1608,달콤한 도라야끼
1609,꽃멸치젓갈제주 멜젓
1610,동원 개성군만두잡채
1611,시모나 꿀호떡 아이스크림
1612,짱구
1613,초록마을 프리미엄굴소스
1614,소시지야채볶음냉장
1615,사탕 90G
1616,아이스크림 473ML
1617,베누 포테이토 크림스프
1618,고소한 우리쌀 누룽지 과자
1619,사과
1620,씨제이 썰은배추김치
1621,스코 이클립스 스트로베리 사탕
1622,피셔 로스티드 피넛
1623,농심 멘토스 프루츠
1624,미니 소보로
1625,통오리 한마리
1626,과자 110G
1627,모닝하임 잡채해물완자
1628,동광 비빔날치알
1629,굿밀크 저지방 우유
1630,노브랜드 건빵
1631,프랑스 플레인 냉동빵
1632,푹고은 육개장
1633,청포도맛 사탕
1634,청포도 사탕
1635,삼립 크림빵
1636,동원소와나무 슬라이스치즈
1637,플레인 저지방
1638,리얼프렌치 크로크무슈 오리지널
1639,캘리포니아 츄러스
1640,팥빙수
1641,나가사키 카스텔라 그린티
1642,호두
1643,김치 4KG
1644,오리온 닥터유 에너지바
1645,메로나 아이스크림
1646,피코크 아보카도 퓨레
1647,냉동 숯불왕닭꼬치
1648,비프 코르마
1649,서울식품 잼
1650,켈로그 팝타르트 쿠키앤크림
1651,맛있는꽁치
1652,다크
1653,페이장 치즈
1654,풀무원 전라도 포기김치
1655,노브랜드 슈가크래커 270 G
1656,씨제이 더건강한그릴비엔나치즈
1657,종합 카라멜
1658,국내산 고추장닭갈비
1659,슬림포켓 스틱 소시지
1660,피코크 명란 한스푼
1661,과자 302G
1662,프리미엄 커브 크로와상 냉동생지
1663,삼립 샤니 생크림 파운드 미니
1664,아이스크림 1KG
1665,아이스크림 240ML
1666,모짜렐라 로그슬라이스
1667,냉동스모크베다체다 소시지
1668,조청유과 과자
1669,사탕 1020G
1670,세가지 수제강정
1671,초이스 아밀키 밀크 아몬드 카페라떼
1672,고추장모듬국산마늘장아찌
1673,앵거스박 엘에이
1674,피코크
1675,독일 통호밀빵 선플라워씨드
1676,전용목장 저지방 우유
1677,냉장
1678,돌 워터젤리파인애플맛
1679,돌 워터젤리파인애플
1680,어메이징 훈제삼겹
1681,프랑스 프리미엄 까레루스띠끄 파베이크
1682,과자 301G
1683,벨 리코타 치즈
1684,츄러스 과자
1685,시크릿쥬쥬 엘이디매직캔디
1686,땅콩알사탕
1687,씨제이 고메매쉬드포테이토함박스테이크
1688,사탕 99G
1689,하선정알마늘
1690,눈을 감자
1691,피코크 솜절미 과자
1692,래핑카우 체다
1693,구워먹는 치즈
1694,풀무원탱글새우물만두
1695,프리미엄 세트 아이스크림
1696,아이스크림 1L
1697,화과방 우리쌀로 만든 라이스케이크
1698,아이스 군고구마
1699,왕쭈꾸미 만두
1700,대학두유
1701,쭈꾸뿅
1702,김치 300G
1703,킹즈 왕소시지
1704,종가집 오래오래맛있는 총각김치
1705,렌지온 매콤제육볶음
1706,과자 90G
1707,대림선 간장마늘쫑
1708,케이미트 쇠고기육포
1709,맛밤
1710,롤리팝 아이스츄잉
1711,씨제이 더건강한 그릴비엔나
1712,만체고 치즈
1713,파스퇴르 엘비 우유
1714,과자 160G
1715,위즐 커피 초코 퍼지 아이스크림
1716,김치 100G
1717,치즈 108G
1718,굽네 포차 직화구이 무뼈닭발
1719,이마트 스틱캔디
1720,바다먹자 국내산 간장
1721,아이스크림 2L
1722,치즈 226G
1723,생얼음 아이스크림
1724,피코크 김치
1725,알라 크림치즈 플레인
1726,그린티 아이스크림
1727,마포서서갈비양념 엘에이갈비구이
1728,꼬막무침
1729,동원 체다치즈
1730,더반찬 삼색나물
1731,아이스크림 100ML
1732,뉴트로 비락우유 클래식
1733,풀무원 얇은피꽉찬속 고기만두
1734,크라운 피규어 사탕
1735,마파두부덮밥소스
1736,매일 멸균우유
1737,사탕 63G
1738,우유 240ML
1739,매일 뼈로가는 칼슘치즈
1740,정통 닭가슴살 소시지 프랑크 오리지널
1741,국내산 만든 안흥흑미찐빵
1742,전용 케이스증정츄파춥스 슬림휠
1743,프로바이오틱
1744,우유 720ML
1745,사탕 400G
1746,동광젓갈 웰빙오징어젓매운맛
1747,동광젓갈 웰빙오징어젓매운
1748,나폴레옹 고방카스테라
1749,창화당 납작김치왕군만두
1750,포스틱
1751,세이 스프레드 치즈
1752,쫀득한 부안 수제 뽕 편육
1753,삼립 요요 꿀호떡
1754,모히또바 아이스크림
1755,헬로키티 엘이디 캔디
1756,프레첼 볶음 과자
1757,맥된장
1758,오트 시리얼 모음
1759,피코크 레몬 닭가슴살
1760,지프리모 핫스패니쉬살라미
1761,만두
1762,고추장멸치볶음
1763,씨제이다진마늘
1764,허쉬 젤리벨리 포도 아이스바
1765,더반찬 명태회무침
1766,팥으로 만든 안흥찐빵
1767,해남 고구마말랭이
1768,마음심은 이종임 동치미 김치
1769,깐깐 송도순 열무물김치
1770,하겐다즈 초콜릿
1771,마드레느셀레브르쿠키젤리롤
1772,치즈 96G
1773,서울식품 미니
1774,더블 스테이크
1775,피코크 파인애플 그대로
1776,이종임 나박김치
1777,치즈 180G
1778,애니타임 밀크민트맛
1779,애니타임 밀크민트 사탕
1780,삼립 한아름 땅콩소보루
1781,해태 맛동산
1782,내추럴 오리지널 우유
1783,일미초절임무
1784,삼원가든 엘에이식 양념갈비구이
1785,씨제이 백설 그릴후랑크
1786,우유 125ML
1787,부촌푸드 냉장 고추장 삼겹살구이
1788,아이스크림 800ML
1789,롯데삼강 빠삐코 아이스크림
1790,풀무원 아임리얼 떠먹는 파인애플
1791,매일우유 상하목장우유
1792,굿밀크 우유
1793,치즈 800G
1794,한입가득 피자군만두
1795,치킨
1796,아몬드브리즈 오리지널언스위트바나나초코
1797,오뚜기 멕시칸 라이스브리또 불고기
1798,꼬마돈까스
1799,검은콩조림
1800,수작 광양식 소불고기
1801,리코타 치즈
1802,수제 치즈
1803,풀무원 평양 왕만두
1804,피코크 순희네 녹두 빈대 떡
1805,과자 85G
1806,쁘띠 땅콩샌드
1807,아이스크림 600ML
1808,동원 조이락 동그랑땡
1809,코다와리이자카야플러스
1810,통크게 썰어넣은 후랑크 어니언
1811,크라운 과자
1812,진짜 밥도둑 영광 법성포 고추장굴비
1813,과자 50G
1814,일본전통 시가야낫또
1815,치즈 400G
1816,씨제이 빅후랑크숯불갈비맛
1817,빈필즈 빈앤라이스칩 바베큐
1818,화과방 사탕
1819,사조해표 오리지날 과자
1820,동원냉장냉동 대림 휠터치소르튀긴새참바
1821,진주햄 천하장사 더블링콰트로
1822,요거젤리
1823,닭가슴살 현미큐브야채큐브
1824,포테이토 크리스프 사워크림향
1825,생가득 육즙듬뿍만두
1826,벨기에 커피맛 캔디
1827,미각열전 울릉도명이절임
1828,프랑스 프리미엄 초코칩 데코 머핀 냉동빵
1829,소와나무 체다 치즈
1830,사탕 66G
1831,초콜릿바 아이스크림
1832,호박 군고구마
1833,닭가슴살 육포
1834,하니카스테라 소프트제리롤
1835,피코크 수미 감자 전
1836,선호 새우젓갈
1837,프리미엄해물경단
1838,이우철의 차돌 부대찌개
1839,포스트
1840,밸리
1841,두툼
1842,씨제이 매콤 떡볶이
1843,비비고 썰은 배추김치
1844,크림 멀티바
1845,피코크 돼지갈비찜 양념소스
1846,치즈헤드 치즈
1847,연세 마카다미아초코우유
1848,진주햄 천하장사 더블링콘스윗
1849,투 양파맛 과자
1850,상하목장 밀크 우유
1851,흑미식빵
1852,수제치즈 선물세트
1853,초록마을 메추리알조림
1854,서울우유 초콜릿맛
1855,서울우유 초콜릿
1856,우유 960ML
1857,해드림 야채순대
1858,지코코넛 버터플라이새우
1859,밤식빵
1860,피코크 안동 냉동 수정과 음료
1861,남양 핑거스트링 치즈
1862,켈로그 팝타르트 딸기
1863,카사바칩 과자
1864,기린 토스트
1865,피코크 조선호텔 맛김치
1866,국내산 팥으로 만든 안흥쌀
1867,생미쉘 마들렝
1868,큐원 화이트 컴파운드 버튼
1869,전철우 앵거스 엘에이
1870,헬로키티 스탬프 캔디
1871,스낵믹스 치즈
1872,감자칩 과자
1873,나토리 우마이카
1874,초록마을 훈제오리슬라이스
1875,저스트 살구 오알 무화과
1876,수제 할로우미 치즈
1877,어메이징 닭칼국수 세트
1878,서울식품 데니쉬페스츄리
1879,메나쥬리 에이피정통크로와상
1880,연세 멸균 우유
1881,칩스 과자
1882,복분자 젤리
1883,사조안심 곡물텐더
1884,벌집핏자 과자
1885,소와나무 슬라이스 치즈
1886,한입가득 버섯물만두
1887,과자 270G
1888,상하목장 우유
1889,조선호텔 김치
1890,다담냉이된장찌개기획
1891,사탕 820G
1892,대림 흰살생선까스
1893,작센우유 멸균우유 유지방
1894,고향 불낙교자
1895,삼립 뉴욕치즈케익
1896,프랑스 바게트 깜빠뉴 파베이크
1897,김해축협 불고기
1898,속초 명태회무침
1899,순두부 기획
1900,물만두
1901,메추리알간장조림
1902,크레모나 그라나파다노
1903,단팥
1904,블루베리 파운드 흑임자
1905,상어밥 매콤한맛
1906,과자 155G
1907,피코크 동태전
1908,썰은 김치
1909,쌀눈쌀로만든유기농쌀가루고운입자
1910,스위트크림치즈프렛즐
1911,어니언 베이글
1912,벨큐브 플레인
1913,씨제이 쁘띠첼 요거젤리 딸기
1914,후룻볼 복숭아
1915,나뚜루 초코 아이스크림
1916,남양 맛있는우유
1917,삼립 냉동 브라운 브레드
1918,동원 얇은피 김치만두
1919,우리콩 맛있는 안동낫또 생청국장 백태흑태 구성별 모음나또낫토선물세트
1920,치즈 300G
1921,서울우유 의 국내산 나약콩
1922,삼립 참참만쥬
1923,초콜릿
1924,피코크 쇠고기 장조림
1925,살구
1926,피코크 생 초콜릿 녹차
1927,리롤 파운드
1928,리얼 크로크무슈 갈릭고르곤졸라
1929,국내산 김치
1930,바다담은 순수 젓갈
1931,아이스크림 150ML
1932,피코크 레이디 핑거 티라미수 케이크
1933,메밀 지짐만두
1934,치오스틱 오리지날
1935,아미고 옥수수 맛콘 과자
1936,속초식명태초무침
1937,투게더 밀크딸기
1938,씨앗 유산균 포기김치
1939,김치 3200G
1940,초록마을 사과즙
1941,건곤드레나물볶음
1942,리콜라 무설탕 스위스 허브 캔디 글라시어민트
1943,반한 특겉절이 김치
1944,빙그레 바나나 스페셜
1945,김치 3500G
1946,포기김치 백두
1947,생크림카스테라 초코
1948,그라나롤로 그라나파다노
1949,카라멜 사탕
1950,영양깜장콩
1951,생생칩핑크솔트
1952,피코크 갈릭 닭 가슴살
1953,레드 양장피
1954,구구콘스타 아이스크림
1955,남양 맛있는 우유
1956,피코크 온더보더 나쵸 칩 오리지널 스낵 과자
1957,피코크 전통 일본식 치킨 커리
1958,밀크벨벳푸딩
1959,과자 360G
1960,한성 해물경단
1961,씨제이 쁘띠첼 요거젤리 블루베리
1962,닭가슴살 그릴비엔나 마늘
1963,메나쥬리 탕종식빵
1964,동원 플레인 치즈
1965,토레스 셀렉타 캐비어
1966,솔빛담은 고랭지 감자스낵
1967,씨제이 쁘띠첼 티라미수
1968,몽블랑 큐브
1969,마음심은 국내산 배윤자 총각김치
1970,삼립 치즈케익
1971,마늘절임
1972,페퍼민트 트위스트
1973,아워홈 매콤오븐닭갈비
1974,동원 왕새우군만두
1975,티라미수 베리베리
1976,춘천명동식닭갈비
1977,유기농 우유 저지방
1978,사탕 650G
1979,마포서서갈비양념 소왕갈비
1980,삼립 핫도그
1981,동광젓갈 웰빙낙지젓
1982,에루 키즈 고칼슘 치즈
1983,수미칩 어니언 과자
1984,양념깻잎
1985,구운오잉 낙지 호롱구이맛
1986,우리콩 흑태
1987,씨제이 비비고 포기배추김치
1988,김해축협 치즈돈까스
1989,전라도 깍두기 김치
1990,피코크 계란장조림가쓰오
1991,무농약반건조호박군고구마
1992,촉촉 식빵
1993,씨제이 비비고 썰은총각김치
1994,피코크 디저트
1995,허니버터칩 과자
1996,서울우유 플레인
1997,피코크 통통 새우 왕교자
1998,피코크 레몬
1999,어메이징 훈제목심
2000,피코크 계란찜명란
2001,삼양 별뽀빠이
2002,오징어젓
2003,허쉬 초코바
2004,스페인 감자칩 과자
2005,오뚜기 맛있는 할라피뇨 핫도그
2006,명인 생강엿 사탕
2007,사탕 250G
2008,사탕 144G
2009,꼬막
2010,뼈건강 가족형 우유
2011,유기농 우유
2012,피코크 양념 소스
2013,동원 개성제주돼지왕만두
2014,롤리팝 막대사탕대
2015,아이스크림 5L
2016,배윤자 푸짐한 찹스테이크
2017,네이처밸리 오츠앤허니
2018,유기농 라이스밀크
2019,한만두 달콤한 갈비만두
2020,초코벨벳푸딩
2021,프랑스 레몬 파운드 케이크 냉동빵
2022,과자 212G
2023,명인조청 하루든든견과바
2024,끼리 크림치즈
2025,발효 스틱 건빵
2026,미트볼
2027,롯데푸드 아이스크림
2028,마음심은 이종임 나박김치
2029,피코크 치즈돈까스
2030,동광젓갈 낙지무말랭이
2031,마포서서갈비양념 소등심로스
2032,김치 1500G
2033,고기왕만두
2034,닭가슴살 스테이크 야채맛
2035,돼지불백
2036,구슬 아이스크림
2037,아미고 과자
2038,누리원 아삭한 포기김치
2039,트롤리 월리 사탕
2040,땡큐베리바
2041,포기 김치
2042,자주 점보달고나
2043,피코크 안동 찜닭
2044,양념 춘천식 닭갈비
2045,수미칩 오리지널
2046,배추김치
2047,코코몽 새콤달콤 포도 복숭아
2048,풀무원 올바른 통밀
2049,기린 미니 꿀호떡
2050,사요 쫄깃쫄깃 리얼녹차떡
2051,피코크 스위트 칠리 디핑 소스
2052,쿠키오 아이스크림
2053,매일유업 치즈
2054,아이스크림 110ML
2055,프랑스 프리미엄 미니 뺑오쇼콜라
2056,하니카스테라 월넛파운드
2057,피코크 치즈 슬라이스
2058,캔디 자판기
2059,과자세트 감자칩 과자모음
2060,씨제이 비비고도톰동그랑땡
2061,게딱지장 세트
2062,동광젓갈 웰빙오징어젓
2063,대림 오징어듬뿍해물땡
2064,바삭한 탕수육
2065,소세지몽땅
2066,슈퍼푸드 에너지바
2067,전철우 소갈비탕
2068,누가바 아이스크림
2069,씨제이 쁘띠첼 밀감
2070,바다먹자 화끈한 성수쭈꾸미 매운맛
2071,후앙 슈크림빵
2072,단팥 붕어빵
2073,서울식품 미니애플파이
2074,정통뉴욕 어니언 베이글 파베이크
2075,대림선 신선한 콩자반
2076,팜 치즈
2077,안동낫또 우리콩 생청국장 백태
2078,머핀 냉동빵
2079,씨제이 쁘띠첼 스윗푸딩밀크커스터드
2080,블랙벨벳샴푸
2081,하루노유키 독일 바움쿠헨 행운의 케익
2082,동원냉장냉동 심야식당 직화 숯불닭꼬치
2083,피코크 안심돈까스
2084,어묵
2085,땅콩 캬라멜
2086,사탕 80G
2087,큐원 아몬드분말
2088,국산콩 유자나또
2089,사탕 70G
2090,피코크 온더보더 나쵸 칩 비프 화이타 맛 스낵
2091,삼립 아침미소토스트
2092,한성 오징어젓갈
2093,씨제이
2094,우리밀김치만두
2095,아침 우유
2096,사탕 840G
2097,모짜렐라 치즈
2098,피코크 서울스낵 수 과자
2099,제주 슈레드 모짜렐라 치즈
2100,올반 한우
2101,도들샘 해물볶음우동
2102,부산식 유부 주머니
2103,히로타 바닐라크림슈
2104,들깨로 짜낸 들기름
2105,이마트 초코크런치롤
2106,티코 아이스크림
2107,피코크 치킨스테이크
2108,소프트 닭가슴살 혼합
2109,청양고추맛 닭가슴살 곤약 잡채 만두
2110,씨제이 다담 매콤돼지 불고기양념
2111,피코크 로즈마리 닭가슴살
2112,저스트 건과채 스낵
2113,피코크 초코케익
2114,사탕 81G
2115,아이스크림 85ML
2116,닥터유 활력충전 에너지바
2117,나주고깃간 갈비찜
2118,매운 바베큐 닭다리
2119,김해축협 한우언양식양념불고기냉동
2120,미니컵 라즈베리 아이스크림
2121,어묵무침
2122,페즈캔디 디 사탕
2123,포테토칩 어니언 과자
2124,백설 동그랑땡
2125,오리온 오감자 과자
2126,생선스테이크용 레몬소스
2127,총각김치
2128,피코크 파베 초콜릿 밀크
2129,맛있는우유지티멸균초코
2130,과자 130G
2131,노브랜드 소고기치즈브리또
2132,자주 브라운 별사탕
2133,부촌푸드 유황 생오리
2134,컵 아이스크림
2135,비락우유 키드우유
2136,제대로 고등어 조림 양념
2137,종가집 열무김치페트
2138,과자 152G
2139,오뗄 장작통삼겹베이컨
2140,올반 육즙가득왕교자
2141,덴마크 더건강한 저지방우유
2142,비비고 갓김치
2143,망고식스
2144,하남쭈꾸미
2145,빙그레 시그니처바닐라
2146,팝콘용 옥수수 과자
2147,빙그레 끌레도르 크림치즈바
2148,바로먹는 깐계란
2149,과자 20G
2150,나래식품 어리굴젓
2151,떠먹는 치즈무스케익
2152,그라나 파다노 치즈
2153,햄스빌 베이컨
2154,미니돈가스
2155,대림선 포자찐만두
2156,오리온 에너지바퀵차치팩
2157,삼립 아침우유 식빵
2158,프랑스 미니 브리 치즈
2159,오이
2160,메나쥬리 올리브포카치아
2161,오리온 볶음고추장
2162,가자미
2163,피코크 티라미수
2164,감자
2165,과자 120G
2166,모아블럭 왕국 사탕
2167,벤토스위트앤스파이시
2168,구르메 고르곤졸라
2169,미소담은 미쏘야모듬소시지
2170,다담 뚝배기 청국장 찌개양념
2171,유색 명란젓갈
2172,사탕 1KG
2173,체다 치즈
2174,풀무원 아임리얼 떠먹는 망고
2175,우유 250ML
2176,국내산 명이나물 장아찌
2177,감자식빵
2178,냉동 하림 굿초이스프로라인 치킨너겟
2179,옛맛 깻잎지
2180,프랑스 프리미엄 초콜릿 트위스트 냉동생지
2181,피코크 돼지 고기 장조림
2182,슬로우 지방 우유
2183,바다먹자 화끈한 성수쭈꾸미 약간매운맛
2184,락토프리 저지방 멸균 우유
2185,피코크 당근 케익
2186,체다 치즈볼 스낵
2187,닭가슴살 슬라이스
2188,사탕 180G
2189,마켓오 치즈칩 포테이토 과자
2190,하니카스테라진한 초콜릿 파운드
2191,옥수수 과자
2192,프렌즈 바나나칩 과자
2193,저스트 과일퓨레 파인애플사과
2194,취영루 물만두
2195,아워홈 매콤제육불고기
2196,맥스칩 과자
2197,롯데 의성마늘구이햄
2198,노브랜드 그릴 닭가슴살
2199,허니 카스테라 잉글리쉬
2200,닭가슴살 소시지 야채맛
2201,돈까스
2202,삼립 달콤한 초코슈
2203,밀크딸기 아이스크림
2204,유기농 순수 호밀빵
2205,자연을담그다 양반 썰은김치
2206,냉장 통그릴 윈너
2207,치즈 280G
2208,멘토스 푸르티
2209,오징어
2210,사탕 83G
2211,오뚜기 짜장면
2212,매일 멸균 무지방 우유
2213,미니 고다스틱
2214,매일 상하치즈 브리치즈
2215,피코크 팝콘 자이언트
2216,동서 플랜터스 드라이로스트 피넛
2217,풀무원 토이쿠키 씽씽자동차만들기
2218,크라운 죠리퐁 과자
2219,롯데 바로구워토스트
2220,돌가마 돼지특수부위 왕덜미살
2221,청우 유가 사탕
2222,찬마루 중화마파두부 양념소스
2223,단백질 한끼 비락 시리얼 우유
2224,피키바 메가넛츠
2225,농심 사탕
2226,롯데 조안나 바닐라 아이스크림
2227,더김치 열무물김치
2228,창화당 고기궁중만두
2229,씨제이 쁘띠첼 워터젤리 복숭아
2230,투게더 아이스크림
2231,피코크 피클
2232,크림수제 쿠키슈 초코
2233,매일 바이오 드링크
2234,씨제이 이탈리안통베이컨 갈릭바질
2235,김치 1600G
2236,전철우 나주곰탕
2237,네슬 네스퀵
2238,꾸이대통 과자
2239,피코크 멸치호두볶음
2240,마음심은 국내산 배윤자 열무 김치
2241,치즈믹스
2242,동원 미니돈까스
2243,마쉬멜로우 어쏘티드
2244,대복 김치
2245,씨제이 숯불향 닭강정
2246,차림 두마리장어구이
2247,유산균
2248,케이크
2249,나폴레옹 버터롤
2250,씨제이 쁘띠첼 스윗푸딩 크림쇼콜라
2251,춘천신선한입닭갈비
2252,오리온 밀크 오리지널 사탕
2253,자두맛 사탕
2254,자두 사탕
2255,부라보콘 아이스크림
2256,맛좋은 유산균 맛김치
2257,잉글리쉬파운드진한 블루베리 파운드
2258,크라운 참쌀선과
2259,특가 일품 닭가슴살 스테이크
2260,치즈 255G
2261,무항생제 위드맘 첫우유
2262,피코크 연근조림
2263,사탕 300G
2264,생강가루
2265,동광 새우젓
2266,오트밀크
2267,참다올 전라도광주김치 묵은지
2268,피코크 오삼불고기만두
2269,동광젓갈 웰빙창란젓
2270,자주 담백한맛 미니 뻥튀기
2271,할매안흥찐빵 쌀찐빵단호박쌀찐빵흑미쌀찐빵새싹순보리쌀찐빵
2272,피코크 조선호텔 총각 김치
2273,안주당냉동돼지불막창
2274,일본 커피사탕 스미야키
2275,김해축협 한우양념불고기냉장
2276,흑사탕
2277,메나쥬리 호두앙금빵
2278,옛날 닭볶음탕
2279,캔디종합 사탕
2280,초이스 아밀키 어나더 아몬드 슈가프리 우유
2281,파스키에 팡올레
2282,데어리워크스 파마산 치즈
2283,파이만쥬 세트
2284,덴마크 우리아기치즈 어린이치즈
2285,해피카우 포션치즈
2286,덴마크 무항생제인증 우유
2287,서울스낵 찹쌀과자 조청맛
2288,올반 정통 닭강정
2289,롯데 호두
2290,멸균 소화가잘되는 저지방우유
2291,삼립 소프트에그타르트
2292,서울식품 미니치즈쿠키
2293,로러후즈 필라델피아 치즈케익플레인
2294,큐원 다크 컴파운드 칩스
2295,과자 230G
2296,레드베리 에너지바
2297,치즈 198G
