item,product,unitmark
정육_햄,이거네 소갈비살 스테이크,200G
소스류,가나다진마늘,250G
정육_햄,국내산 안동식 순살찜닭,1KG
우유,매일 우유 오리지널 후레쉬팩,900ML
정육_햄,하림 닭가슴살 블랙페퍼,110G
우유,이마트 진심을 담은 우유,2300ML
아이스크림,탤리스 녹차아이스크림,1L
우유,깔끔한 저지방,185ML
소스류,풀무원 국산콩 청국장 찌개양념,130G
반찬,뚝배기불고기,550G
냉동식품,씨제이 고메 피자호떡만두,600G
우유,매일 아몬드브리즈 오리지널,190ML
우유,서울우유 딸기멸균,200ML
반찬,꼴뚜기젓갈,400G
우유,비락우유신선배송키트 가구형, 
사탕,제주농인 과일맛 종합 캔디,750G
냉동식품,씨제이 비비고 도톰해물완자,510G
정육_햄,의성마늘비엔나,320G
빵,크라상쁘띠, 
치즈,이마트 진심을 담은 쫄깃한 슈레드 모짜렐라 치즈,1KG
사탕,베이블레이드 스핀캔디,26G
냉동식품,동원 리얼통살새우까스,60G
기타간식,돌 워터젤리복숭아,130ML
과자,꼬깔콘 매콤달콤한맛,166G
기타간식,돌핀 폴라레티헬로썸머,400ML
빵,프랑스 프리미엄 머핀 초콜릿 헤이즐넛필링 냉동빵,95G
냉동식품,피코크 겹겹이돈까스,520G
정육_햄,구운 에어 치킨 닭다리살국내산,500G
반찬,건고사리나물볶음, 
우유,매일 아몬드브리즈 언스위트,190ML
아이스크림,죠스바 아이스크림, 
과자,유기농 쌀로 만든 쌀이팡 자색고구마,39G
반찬,풍림 반숙계란장,400G
사탕,포스 마이쮸딸기,132G
반찬,백김치,1900G
김치,씨제이 비비고 김치볶음,150G
기타간식,사과블루베리 동결건조 스낵, 
과자,피코크 저지방 자연 콘 스낵,155G
정육_햄,김해축협 한돈양념불고기냉동,1KG
반찬,숙 장아찌 돼지감자,350G
사탕,코피코 캔디 카푸치노,120G
빵,하루노유키 바움쿠헨 행운의 케익 플레인, 
빵,삼립 냉동 블루베리 요거트 왕슈, 
사탕,츄파춥스 미니언즈,12G
사탕,라카아메,146G
아이스크림,망고 소르베 미니컵,100ML
기타간식,시나몬슈가 페스트리스틱,907G
치즈,에루 키즈 포션 치즈,80G
사탕,포스 리콜라 크랜베리,80G
빵,소프트제리롤 월넛파운드, 
정육_햄,존쿡 이탈리안살라미,50G
빵,녹차생크림단팥빵, 
아이스크림,아이스노이에 말차 아이스크림, 
반찬,피코크 정통 인도식 커리 징가 마살라,190G
소스류,피코크 제대로 맛을 내는 순두부찌개 양념,140G
소스류,속초 두레찬 낙지젓갈,500G
과자,노브랜드 팝콘,100G
냉동식품,해태 고향만두,1560G
냉동식품,피코크 사천 왕 만두,140G
우유,비타민디,900ML
냉동식품,오뚜기 맛있는 오리지널 핫도그,400G
사탕,스코 롯데아이스브레이커스듀오그레이프,36G
정육_햄,동원냉장냉동 본엠 통그릴부어스트,500G
빵,호두파이 대, 
냉동식품,해물완자,780G
빵,삼립 뉴욕치즈무스, 
과자,씨제이 맥스칩 오리지널가든,40G
정육_햄,늘참 고추장 삼겹 구이,900G
과자,매운새우깡,90G
기타간식,씨제이 쁘띠첼 요거젤리 복숭아,90G
우유,서울우유 멸균우유,1000ML
과자,미니프레즐 솔트, 
빵,마스카포네와 크림 치즈가 어우러진 정통 수제 치즈케익 치즈트랩 더블프로마쥬 치즈케익세트, 
기타간식,피코크 벨기에 정통 다크초콜릿,100G
과자,오리온 감자엔소스닷 청양데리야끼,144G
냉동식품,피코크 만두연구소 평양왕만두,700G
김치,씨제이제일제당 비비고 포기배추김치,33KG
소스류,동광 젓갈 골라담기, 
소스류,제주하루미 전통젓갈,200G
과자,리코스 라운드 나쵸칩,454G
우유,내추럴초이스 아밀키 어나더밀크 아몬드 쇼콜라,500ML
빵,삼립 소프트 치즈케익 미니,400G
치즈,프란시아 모짜렐라,125G
반찬,영덕게살 게살장 게딱지장 게간장 세트, 
냉동식품,피코크 조선호텔 맛 김치,80G
냉동식품,개성감자만두,1350G
반찬,수원식갈비닭강정, 
치즈,제라드 까망베르치즈,125G
빵,프랑스 프리미엄 바게트 샌드위치 파베이크,140G
정육_햄,국내산 수제 양념 돼지갈비,1KG
우유,네슬레 마일로,495G
과자,농심 감자깡,75G
기타간식,깨구름찰떡,55G
김치,우리존 열우물 연근 동치미,4500G
빵,큐원 베이킹파우더,170G
과자,노브랜드 감자 칩 오리지날,110G
과자,크라운 카라멜콘땅콩,72G
김치,해뜰식품 자연이 만든 해뜰 겉절이 김치,2KG
기타간식,씨제이 쁘띠첼 파인애플,90G
치즈,뽀로로 칼슘왕 치즈,180G
치즈,동원 하루두장 뼈가 좋아하는 고칼슘치즈,270G
과자,티카 칩스 칠로에,212G
빵,삼립 토스트를 위해 태어난 식빵,760G
빵,프랑스 프리미엄 라이브레드 파베이크,45G
과자,크라운 참쌀설병,270G
반찬,삼양 핵불닭 떡볶이 용기,190G
사탕,츄파춥스 미니,220G
빵,롯데 기린 맘스 둥근달,200G
소스류,피코크 제대로 맛을 내는 갈치 조림 양념,140G
사탕,독일 포도당캔디 뉴트리크라프트 스포츠 포도당정,420G
정육_햄,이봉원 안창살구이,300G
정육_햄,알차닭 닭가슴살스테이크 갈릭,100G
정육_햄,피코크 울트라 빅 할라피뇨 후랑크 소시지,90G
과자,프링글스 오리지날,110G
빵,네니아플러스 네니아우리밀흑미찐빵,400G
기타간식,아이스 고구마 맛탕,80G
아이스크림,허쉬 토피넛앤초코바, 
기타간식,오리온 오그래놀라바 검은콩,120G
치즈,카카오 치즈 큐빅 햄맛,84G
김치,더김치 백김치,1900G
김치,포기김치,4500G
우유,덴마크 츄썸키위,180ML
치즈,미니 에담스틱,120G
우유,무항생제인증 바른목장 멸균우유,1000ML
김치,마음심은 이종임 열무김치,5KG
우유,매일 상하목장 유기농우유,125ML
냉동식품,개성담백왕교자,400G
치즈,프란시아 리코타,250G
김치,종가집 유기농 썰은백김치,400G
반찬,건표고버섯볶음, 
김치,종가집 열무김치,2500G
소스류,피코크 제대로 맛을 내는 해물탕 양념 소스,140G
반찬,피코크 고기 완자 전,450G
사탕,캬라멜 녹차,149G
사탕,커피고 카푸치노 캔디,160G
정육_햄,씨제이 맥스봉 청양고추 후랑크,90G
과자,닭다리 후라이드치킨맛,66G
사탕,옛날사탕,4KG
빵,아침애샌드위치식빵, 
우유,매일유업 상하목장 슬로우 밀크 저지방,930ML
정육_햄,동원 캠핑통그릴두툼베이컨,300G
빵,삼립 아침엔 밀크토스트,330G
과자,꼬깔콘 고소한맛,72G
김치,김순자 김치명장 한성깍뚜기,4KG
치즈,수제 딸기 크림치즈, 
기타간식,피코크 오리지날따봉,990G
빵,점보 샌드위치,166G
빵,씨제이 쁘띠첼 치즈케이크 블루베리,97G
아이스크림,피코크 젤라또 카라멜,946ML
소스류,다담정통된장찌개전용,140G
사탕,캬라멜 밀크,149G
반찬,하남쭈꾸미,350G
반찬,피코크 오징어 채 조림,100G
사탕,말랑카우 솜사탕,50G
아이스크림,주물러 콜라 아이스크림, 
빵,브레드샵 피터스 블루베리베이글, 
김치,더김치 배추물김치,2KG
정육_햄,직화 불곱창,200G
과자,닭다리 너겟,130G
정육_햄,본래직화 불곱창,200G
반찬,더반찬 낙지젓, 
사탕,스코 롯데아이스브레이커듀오워터멜론,36G
소스류,씨제이 다담 순두부찌개 양념,140G
치즈,페이장 브르통 브리치즈,375G
과자,자가비 에그크랩,90G
빵,정통뉴욕 아지아고 치즈 베이글 파베이크,113G
우유,맛있는우유지티 멸균,200ML
사탕,추억의 수제 달고나,20G
기타간식,노브랜드 사과젤리,500G
빵,후앙 올리브 치아바타, 
빵,노브랜드 초코 크림 케익,440G
우유,매일 이에스엘 우유,500ML
아이스크림,나뚜루 제주녹차콘,160ML
정육_햄,노브랜드 참나무 훈제 닭다리,170G
정육_햄,상품 미트원 언양식소불고기세트,2KG
빵,삼립 미니꿀호떡,322G
사탕,퍼지락 크리스탈 자일리톨 캔디 버블껌, 
김치,참다올 전라도광주김치 묵은지,2KG
빵,폭신폭신우유식빵, 
우유,삼양 저지방 우유,900ML
사탕,디저트사탕 누룽지사탕,2KG
냉동식품,쌀 물만두,1KG
과자,자가비허브솔트,90G
정육_햄,크라제 비프 스테이크,170G
치즈,카카오 치즈 큐빅 플레인,84G
아이스크림,끌레도르 바닐라파인트,474ML
빵,촉촉한 카스테라 호두과자,650G
정육_햄,늘참 양념 돼지 불고기,300G
빵,삼립 냉동 정통와플 미니, 
기타간식,프리미엄 귀리쉐이크,240G
기타간식,고단백 통곡물바 단백할시간 블랙,35G
반찬,숙 장아찌 명이나물,350G
소스류,나래식품 웰빙오징어젓,300G
사탕,웨더스 오리지날,90G
빵,큐원 밀크 컴파운드 버튼,150G
빵,통팥 듬뿍 소문난 전설의 떡붕어,75G
냉동식품,소담고기만두,405G
사탕,리콜라 레몬민트 무설탕,342G
냉동식품,동원 수제돈까스,500G
반찬,청보마을 계명대학 프리미엄 발효 낫또,55G
우유,무항생제 인증 바른목장우유,125ML
아이스크림,아맛나 아이스크림, 
과자,쌀로별 사르르라이스칩 인절미맛,120G
냉동식품,동원 개성 왕새우만두,350G
우유,무항생제인증 바른목장 바나나 멸균우유,125ML
아이스크림,하겐다즈 솔티드바닐라 미니바, 
빵,서울식품 고구마앙금페스츄리,80G
과자,소프트 팝콘, 
빵,프랑스 프리미엄 블루베리 머핀 냉동빵,75G
사탕,멘토스 믹스그레이프,81G
빵,진한 초콜릿 파운드 흑임자 세트, 
정육_햄,피코크 제주 흑 돼지 햄,340G
사탕,아몬드 누가 씨쏠트 카라멜, 
소스류,나래식품 미더덕쌈젓,300G
빵,겹겹이 구뭐낸 피레네 플레인 바움쿠헨 조각케익,150G
냉동식품,씨제이 비비고 찐만두,168G
김치,대복 총각김치,3KG
반찬,오이소박이,800G
김치,씨제이제일제당 비비고 총각김치,900G
과자,오리온 포카칩 어니언맛,66G
빵,미니도넛,90G
사탕,커피고 캔디 카푸치노,160G
소스류,속초 두레찬 백명란 젓갈,500G
정육_햄,클라식소시지 수제 생 베이컨 크럼블,500G
김치,도미솔 박미희 포기김치,5KG
아이스크림,풀무원 돌얼음,1KG
냉동식품,올반 명란군만두,315G
정육_햄,올품 국내산 냉동 엄나무 삼계탕,900G
반찬,멍게젓갈,400G
반찬,숙 장아찌 더덕,350G
우유,남양 맛있는우유지티 멸균 딸기우유,180ML
소스류,씨제이 다담매운낙지볶음양념,130G
빵,월넛파운드 잉글리쉬파운드, 
소스류,종가집 국산 다진마늘,230G
우유,서울 초코우유,200ML
빵,진한 초콜릿 파운드,620G
정육_햄,롯데 엔네이처빅그릴비엔나,260G
소스류,씨제이 다담치킨데리야끼양념,140G
반찬,더반찬 싱글간편불고기, 
아이스크림,나뚜루 리치 더블 치즈,474ML
김치,비비고 썰은 배추김치 더 깔끔한 맛,900G
우유,썬업 과일 야채 샐러드 레드,200ML
정육_햄,어메이징 훈제오리,500G
김치,종가집 묵은지,3200G
정육_햄,굽네 더블소스 치킨스테이크 볼케이노,170G
소스류,씨제이 다담 된장찌개,530G
과자,빠새,60G
우유,서울우유 초코꿀딴지,180ML
치즈,매일 상하치즈 맛있는 비타치즈 플레인,96G
빵,서울식품 미니피넛버터쿠키,18G
기타간식,피코크 시리얼바 라이트,208G
정육_햄,닭갈비,600G
빵,프랑스 프리미엄 미니 애플따땅라띠스 냉동생지,40G
빵,파스키에 버터크라상,240G
소스류,씨제이다담 마파두부 양념,150G
사탕,가루쿡 초밥 만들기,285G
김치,김순자 김치명장 한성포기김치,4KG
과자,노브랜드 바삭한 콘 칩 스낵,278G
냉동식품,동원 개성왕만두,600G
아이스크림,설레임 밀크쉐이크 아이스크림, 
소스류,씨제이 다담 냉이된장찌개 양념,140G
빵,삼립 까망베리크림치즈케익, 
과자,아미고 나쵸칩,454G
과자,시네마 버터갈릭팝콘, 
아이스크림,노브랜드 향긋한 바닐라향 아이스,5L
기타간식,무농약고구마로만든반건조호박군고구마,65G
우유,서울우유 초코멸균,200ML
냉동식품,씨제이 비비고 도톰동그랑땡,795G
기타간식,씨제이 쁘띠첼 스윗푸딩생크림커스터드,95G
과자,욤카 전자렌지용 유기농팝콘스위트,270G
치즈,벨큐브 체다 치즈,125G
반찬,피코크 해물 부추 전,390G
소스류,창란젓갈,230G
김치,깐깐 송도순 열무물김치,5KG
소스류,속초 선호 청어알젓갈,500G
아이스크림,하겐다즈 딸기 치즈 케익, 
반찬,아산 맛집 쭈꾸뿅 쭈꾸미 매운맛,650G
우유,매일우유 저지방,1800ML
과자,샤프 인스탄트 이스트,125G
냉동식품,해태 바삭한군만두,1440G
우유,허쉬 초콜릿 드링크 오리지널,190ML
정육_햄,설야멱적 양념 소불고기,600G
빵,서울식품 초코칩트위스트,80G
김치,씨제이 하선정 포기김치,3500G
냉동식품,풀무원 달콤씨앗 호떡만두,600G
빵,진한 흑임자 파운드 더블세트, 
냉동식품,해산물 롤딤섬,280G
김치,종가집 시원깔끔포기김치,3300G
우유,썬업 과일 야채 샐러드 그린,200ML
치즈,동원 우유담아 내몸이 건강한 체다치즈,720G
우유,귀리유,190ML
김치,참다올 전라도광주김치 백김치,5KG
치즈,동원소와나무 고칼슘치즈,180G
사탕,엠앤엠즈 엘프 디스펜서 초콜릿,1503G
우유,매일유업 매일우유 저지방,200ML
사탕,페어리루 마법선풍기 캔디,7G
빵,삼립 버터롤 클래식, 
치즈,덴마크 유기농 짜지않은 아기치즈 단호박,170G
반찬,피코크 오색 꼬지전,380G
치즈,매일 알라 크림치즈 플레인 기획,150G
빵,기린 고소한 옥수수 모닝롤,360G
반찬,하남쭈꾸미 매콤쫄깃 하남갑오징어,350G
사탕,공룡메카드 플레이 캔디,26G
사탕,피코크 로얄 젤리 캔디,260G
치즈,상하 미니치즈 칼슘 체다,144G
우유,슈퍼밀크,900ML
반찬,가리비젓갈,400G
아이스크림,부라보 바닐라,540ML
냉동식품,노브랜드 치즈 치킨 가스,600G
사탕,옛날 왕사탕,4KG
냉동식품,동그랑땡,500G
우유,매일우유 상하목장 슬로우 저지방 밀크,750ML
소스류,피코크 제대로 맛을 내는 소 갈비 찜 양념 소스,200G
냉동식품,프리미엄참동그랑,300G
기타간식,피셔 허니 로스티드 믹스넛,130G
반찬,맵달 부대볶음,200G
우유,서울 흰우유,200ML
김치,피코크 조선호텔 맛 김치,1900G
아이스크림,불라 크리미 클래식 아이스크림,2L
치즈,자연방목 유기농 짜지않은 아기치즈 단호박,170G
사탕,수박맛이 우유속에 말랑말랑 밀크츄,70G
기타간식,노브랜드 망고젤리,500G
기타간식,견과류가 통째로 오전바 브이에스 오후바,30G
김치,피코크 해남 묵은지,1300G
정육_햄,신세계푸드 자이언트 통 닭다리구이,170G
소스류,풀무원 국산콩 생청국장,190G
김치,종가집 동치미,1200G
과자,오리온 대단한 나쵸,200G
정육_햄,전철우 소갈비살구이,300G
아이스크림,오뚜기 컵얼음,180G
우유,매일 소화가 잘되는 저지방 우유,930ML
치즈,만토바 파르미지아노 레지아노,200G
아이스크림,슈퍼콘 초코, 
정육_햄,피코크 훈제 오리 가슴살 슬라이드,200G
우유,남양 맛있는우유지티,200ML
빵,정통뉴욕 플레인 베이글 파베이크,113G
빵,삼립 초코티라미스케익, 
치즈,타르타르 프로방스,100G
사탕,포스 마이쮸사과,132G
김치,올반 포기김치,3500G
기타간식,동원 저스트 과일퓨레 키위사과,130ML
빵,아이스 경주빵,38G
과자,해태 구운양파,161G
사탕,화이트데이 워렌버핏의 프리미엄 수제 초콜릿 캔디, 
우유,매일 우유속의 과즙 기획,300ML
빵,잉글리쉬파운드,650G
냉동식품,치즈갈비교자,315G
치즈,매일 상하치즈 짜먹는 까망베르 치즈,300G
치즈,이마트 진심을 담은 슈레드 모짜렐라 치즈,500G
김치,해뜰식품 자연이 만든 해뜰 알타리김치,5KG
김치,해뜰식품 자연이 만든 해뜰 겉절이 김치,5KG
사탕,멘토스 레인보우,1125G
정육_햄,정통 독일식 닭가슴살 소시지 프랑크 허브맛,120G
우유,서울 저지방 우유,200ML
우유,저지방 우유,2300ML
기타간식,씨알로 크런치너츠바,30G
정육_햄,훈제 닭가슴살 슬라이스,100G
과자,피코크 콘깍지 피자맛,55G
냉동식품,해태 찹쌀 왕만두피,360G
김치,사계절 우리김치 포기김치,1KG
반찬,락교,1KG
정육_햄,피코크 잔슨빌 폴리쉬 소시지,1080G
우유,남양 고소한락토프리우유,1080ML
빵,씨제이프레시웨이 우리밀 까망베르 치즈케익,384G
빵,하니카스테라 더블세트, 
기타간식,체리동결건조스낵, 
김치,춘향골 김치보감 당일 담근 총각 김치,2KG
치즈,매일 알라 크림치즈 라이트,150G
소스류,속초 선호 백명란 분란,1KG
김치,더김치 열무물김치,5KG
소스류,씨제이 다담된장찌개전용,840G
사탕,치링치링시크릿쥬쥬 유기농솜사탕, 
김치,한성김치 김순자 김치명장 동치미,4KG
우유,매일 소화가 잘되는 우유,930ML
사탕,해태 아이밀크,27G
우유,저지방 우유,1000ML
정육_햄,동원 리얼킹 비프,360G
사탕,새콤달콤 딸기 레모네이드,200G
기타간식,농협 아름찬 달콤밤, 
냉동식품,씨제이 비비고한섬만두,384G
김치,마음심은 이종임 석박지,3KG
소스류,동광 웰빙낙지젓,1KG
정육_햄,제육불고기,150G
정육_햄,진주햄 천하장사 더블링 콰트로치즈,400G
우유,남양 맛있는우유지티 슈퍼밀크,900ML
냉동식품,프리미엄고기산적,300G
김치,마음심은 배윤자 포기김치,5KG
과자,구워만든 곡물 그대로,180G
과자,오리온 오감자,50G
우유,연세우유 마카다미아 초코,190ML
정육_햄,늘참 양념 안창살 구이, 
냉동식품,씨제이 비비고 소고기한섬만두,320G
과자,오리온 도도한 나쵸 오리지널 치즈,92G
냉동식품,간편 한끼 닭가슴살 만두, 
사탕,농심 멘토스 초코카라멜,38G
반찬,피코크 모듬 전,470G
정육_햄,오뗄 빅 맛있는베이컨,234G
냉동식품,올반 슈퍼크런치 치킨텐더,440G
김치,테이스티홈 국내산 포기김치,1KG
사탕,위니비니엑스스누피 썸머스위츠미니웜즈구미, 
김치,대복 포기김치,3KG
빵,기린 옥수수식빵,420G
사탕,엑스오 캔디 커피,105G
정육_햄,굽네 갈비천왕 치킨스테이크,170G
소스류,나래식품 갈치젓,300G
사탕,스키틀즈 오리지날,150G
기타간식,피코크 벨지안 밀크 초콜릿,100G
아이스크림,빙그레 투게더 미니어처,300ML
정육_햄,바베큐 폭립,500G
빵,호두타르트호두파이, 
냉동식품,프리미엄 엑스오 물만두,432G
우유,매일 멸균우유 오리지널,1L
반찬,피코크 낙지 볶음 양념 소스,140G
사탕,카슈가이구미,107G
빵,프랑스 초콜릿 파운드 케이크 냉동빵,300G
아이스크림,또로롱 와쿠와크, 
우유,스키피 피넛우유,190ML
냉동식품,동원 개성 왕새우만두,315G
정육_햄,씨제이 더건강한 통목살스테이크,175G
아이스크림,해태 호두마루,540ML
과자,피코크 스키니 팝콘,18G
사탕,멘토스 바틀그레이프스무디요구르트,81G
소스류,안동낫또 우리콩 생청국장 백태흑태,54G
사탕,스코 이클립스 페퍼민트,31G
정육_햄,올반 양념 소불고기,160G
냉동식품,옛날 왕만두,840G
우유,매일우유 멸균우유 초콜릿,200ML
사탕,대만 마쉬멜로우 초코,100G
치즈,페라리니 프로슈토 디 파르마 슬라이스,90G
사탕,슈퍼 바비큐 마쉬멜로우,300G
정육_햄,김해축협 한돈매운양념찜갈비 매운맛냉동,900G
반찬,풍림 깐메추리알,300G
사탕,포스 롯데 롤리팝아이스,165G
기타간식,벨지움 슈가와플,550G
기타간식,무농약고구마로만든반건조첫사랑군고구마,65G
냉동식품,더반찬 통등심돈까스,260G
냉동식품,씨제이 비비고 새우왕교자,400G
기타간식,풀무원 아임리얼 떠먹는망고,130G
정육_햄,오리주물럭매운맛,500G
과자,오징어집,83G
사탕,로투스 록키마운틴 과일향 머쉬멜로우,150G
사탕,리콜라 무설탕 오리지널 허브캔디,40G
사탕,스코 이클립스 스피아민트,31G
과자,중화가 분피 양장피채용,250G
정육_햄,양념소불고기,300G
우유,덴마크 건강한 귀리 우유,220ML
과자,오리온 무뚝뚝 감자칩,124G
빵,프랑스 프리미엄 플레인 치아바타 파베이크,140G
빵,바로먹는 메츄리아,25G
아이스크림,아이스크림 파인트 프로즌요거트 스트로베리, 
아이스크림,아이스크림 스틱바 그린티앤아몬드, 
사탕,헬로키티 서프라이즈 에그 캔디,10G
빵,하니카스테라 소프트제리롤 세트, 
우유,매일우유 상하목장우유,750ML
사탕,츄파춥스 미니튜브,550G
냉동식품,삼양냉동 불닭왕교자3152, 
김치,제주김치 유산균 포기김치,3KG
과자,크라운 콘쵸,162G
반찬,피코크 파 전병,480G
과자,오리온 도도한나쵸 사워크림어니언,155G
정육_햄,티에스 달링 다운 와규 앞다리시즈닝 스테이크,100G
냉동식품,용가리치킨,1KG
빵,씨제이 쁘띠첼 가나슈초코케익,300G
냉동식품,삼양 물만두,1350G
아이스크림,피코크 젤라또 망고 앤 패션푸룻,946ML
아이스크림,부라보콘 체리 아이스크림, 
기타간식,농심 나토리 치타라,27G
정육_햄,소막창구이,500G
김치,종가집 백열무 물김치,1200G
아이스크림,하겐다즈 파인트 키위 망고, 
냉동식품,취영루교자만두,720G
반찬,피코크 호떡,480G
아이스크림,스크류바,75ML
빵,삼립 미니꿀약과,200G
반찬,피코크 할라피뇨 피클 절임,300G
정육_햄,배윤자 찹스테이크,300G
아이스크림,하겐다즈 그린티 아몬드 멀티바,240ML
김치,뽀뽀뜨김치 사골국김치, 
정육_햄,굽네 로드 생닭안심살,1KG
소스류,더반찬 오징어젓, 
아이스크림,라라스윗 바닐라, 
김치,피코크 조선호텔 무 석박지,1KG
과자,노브랜드 감자 칩 사워 크림 어니언,110G
과자,양파링,84G
소스류,제주산 참기름,250ML
사탕,츄파춥스 후르츠, 
정육_햄,김해축협 한우등심양념불고기냉장,200G
빵,소프트제리롤,520G
치즈,진심을 담은 체다치즈,18KG
소스류,생낫또,336G
우유,피코크 우유,1000ML
반찬,숙주나물,300G
소스류,국산콩 생나또,99G
사탕,피코크 프로폴리스 캔디,260G
기타간식,동원 저스트 과일퓨레 망고사과,130ML
소스류,풀무원 정통부대찌개양념,140G
김치,종가집 아삭백열무물김치,2400G
우유,연세무첨가두유,190ML
반찬,권기옥명인 깻잎장아찌,400G
김치,종가집 여름김장 포기김치,5800G
소스류,피코크 제육볶음 양념소스,200G
소스류,피코크 양지 육수,500G
과자,피코크 서울스낵 두부과자 고소한맛,80G
아이스크림,아이스크림 미니컵 프로즌요거트플레인, 
소스류,속초 멍게젓갈,500G
기타간식,떠먹는 티라미수,150G
정육_햄,닭가슴살무가염,100G
냉동식품,피코크 한입치킨까스,400G
빵,네니아플러스 네니아우리밀단호박팥찐빵,400G
우유,서울우유,200ML
과자,크라운 콘칩,70G
냉동식품,씨제이 비비고 차돌깍두기볶음밥,410G
사탕,농심 멘토스 콜라향,375G
빵,하니카스테라 잉글리쉬파운드 세트, 
과자,농심 감자군것질 오리지널,70G
치즈,래핑카우플레인,128G
반찬,용대리황태해장국, 
김치,제주김치 간편하고 맛좋은 제주 백년초 백김치,650G
냉동식품,피코크 명품 새우 부추 떡 만두,700G
사탕,메이오 카라멜 코코아 앤 밀크,720G
빵,소프트 제리롤케익 더블세트, 
정육_햄,씨제이 더건강한베이컨스테이크,400G
아이스크림,피코크 젤라또 커피,946ML
김치,씨제이 비비고 썰은배추김치,3600KG
우유,귀리우유 선물세트,250ML
빵,시원한 특가 화과방 디저트 모음전 빵양갱과자, 
과자,해태 칸츄리콘 콘버터맛,90G
김치,종가집 썰어담은맛김치페트,500G
정육_햄,청정원 콰트로치즈그릴비엔나,300G
사탕,캔디미 꼬마캐리,70G
반찬,권기옥명인 멸치볶음,140G
과자,유기농 쌀로만든 쌀이팡 단호박, 
반찬,옛날 간장찜닭,200G
우유,빙그레 딸기맛 우유,240ML
소스류,동광 가자미식해,1KG
김치,종가집 오래오래 맛있는 포기김치,4KG
사탕,계피향 캔디,4KG
소스류,찬마루 고소한맛 쌈장,450G
기타간식,식물성 고단백 스마트밀 오엠지 카카오 싱글팩, 
김치,동원 양반 자연을담그다 포기김치,2200G
아이스크림,라베스트 티라미수컵, 
정육_햄,김해축협 한우등심 시즈닝스테이크냉장,300G
사탕,스코 스키틀즈오리지날,100G
기타간식,풀무원 아임리얼 떠먹는 라즈베리,130G
빵,정통꿀호떡,513G
김치,씨제이비비고 열무김치,1500G
김치,씨제이 비비고 총각김치,900G
빵,토이쿠키 만들기,300G
정육_햄,미트원 언양식양념소불고기,500G
기타간식,아빠농장 어린이 호박고구마 말랭이, 
우유,빙그레 바나나맛 우유 벨류,1440ML
과자,슈가파우더,500G
치즈,퍼시픽 콜비 잭 치즈,227G
과자,농심 바나나킥,140G
우유,매일 허쉬 쵸콜렛 드링크,940ML
반찬,피코크 연근 피클,300G
과자,오리온 예감 화덕칩 머쉬룸파스타맛,125G
반찬,명란젓갈정란,400G
빵,마스카포네와 크림 치즈가 어우러진 정통 수제 치즈케익 치즈트랩 더블프로마쥬 딸기치즈케익, 
반찬,숙 장아찌 취나물,350G
아이스크림,테이트프리모 젤라또 아이스크림,5L
아이스크림,또로롱 호두마루, 
냉동식품,아임닭 닭가슴살 김치만두, 
아이스크림,하겐다즈 벨지안 초코렛 아이스크림,100ML
반찬,대림선 신선한 무말랭이,150G
김치,뽀뽀뜨김치 과일동치미, 
우유,매일 오리지널,600ML
아이스크림,아이스크림 스틱바 바닐라카라멜아몬드, 
우유,요미요미 유기농 주스 레드비트골든사과,125ML
사탕,폭신폭신 말랑카우 딸기,158G
빵,후앙 치즈 치아바타, 
사탕,키즈매니아 해피밴,15G
정육_햄,사조오양 국내산 닭고기로 만든 버팔로윙,1KG
과자,오리온 도도한 나쵸 치즈맛,186G
정육_햄,굽네 볼케이노 치밥,200G
정육_햄,광릉식 불고기고추장불고기,200G
우유,매일 우유 무지방,900ML
소스류,피코크 매운 돼지 불고기 양념 소스,500G
사탕,피코크 무설탕 레몬 캔디,40G
냉동식품,해태 쫄깃한 물만두4002, 
소스류,풀무원 풀무온 국내산 다진 마늘,250G
치즈,슈레이버 크림치즈 스프레드,28G
치즈,매일유업 상하 피자용 슈레드치즈,500G
과자,오리온 오감자딥 양념바베큐,104G
우유,푸르밀 생과즙 바나나 우유,900ML
빵,큐원 다크 컴파운드 버튼,150G
김치,더반찬 포기김치,1900G
냉동식품,노브랜드 칠리 새우,400G
정육_햄,미트원 양념돼지불고기,500G
사탕,아폴로,180G
김치,씨제이 하선정 포기김치,1KG
아이스크림,옥동자,70ML
냉동식품,레알만두 오리엔탈 새우하가우,300G
냉동식품,백종원 홍콩반점 해물육교자, 
사탕,캐빈디쉬하비 커피캔디,175G
기타간식,돌 곤약젤리 자스민 복숭아,130ML
기타간식,로얄프레즐 초코,100G
과자,헤르스 케틀 쿡 포테이토 칩,170G
정육_햄,사미헌의 왕양념갈비, 
정육_햄,피코크 리얼 오리지날 베이컨,300G
반찬,화덕갈치구이, 
기타간식,피코크 떠먹는 쿠키앤크림 케익,100G
김치,제주김치 백년초 백김치,3KG
김치,참다올 전라도광주김치 백김치,10KG
치즈,덴마크 짜지않은 치즈,252G
아이스크림,슈퍼콘 바닐라, 
아이스크림,또로롱 메로나, 
정육_햄,자이언트 통 닭다리 오븐구이 바베큐맛,170G
과자,농심 알새우칩,68G
반찬,풀무원 튜브형 다진마늘,80G
냉동식품,잡채군만두,1350G
냉동식품,피코크 고추 잡채 호빵,360G
과자,노브랜드 스위트페스츄리 165 G, 
우유,오트밸리 카페에디션,1000ML
냉동식품,한끼식사 굿굽네 닭가슴살 만두,180G
우유,아침의선물,450ML
소스류,씨제이 다담 버섯샤브칼국수양념,150G
사탕,트레핀커피맛캔디,500G
아이스크림,또로롱 마카롱바, 
아이스크림,빙그레 슈퍼콘 딸기, 
소스류,피코크 제대로 맛을 내는 매운 돼지 갈비찜 양념,230G
우유,서울우유,1000ML
냉동식품,창화당 탱글탱글 새우낙지 굴림만두, 
치즈,동원냉장냉동 래핑카우 치즈디퍼즈,35G
김치,대복 열무물김치,3KG
반찬,종가집 국산 무말랭이,150G
정육_햄,숯향불고기,150G
과자,발아통밀부침가루,500G
치즈,동원 쫀득쫀득한 모짜렐라 슬라이스치즈,270G
반찬,양념소갈비살, 
과자,노브랜드 코코넛쿠키,400G
냉동식품,에어프라이어 순살치킨,480G
정육_햄,안동식 순살찜닭,1KG
우유,앙팡,200ML
우유,파스퇴르 무지방우유,930ML
과자,레알감자,20G
정육_햄,불껍데기,300G
정육_햄,굽네 닭가슴살 잡채볶음밥,200G
치즈,벨큐브 유자 치즈,78G
치즈,알펜하인 셀렉트 브리 치즈,125G
치즈,국내산 임실치즈 피자롤 고구마롤 돈까스, 
정육_햄,본래직화 돼지껍데기,200G
사탕,완도명가 톳 다시마캬라멜,180G
사탕,스코 롯데아이스브레이커스듀오스트로베리, 
과자,노브랜드 고르곤졸라 치즈 소프트 콘,145G
사탕,담라 츄이 캔디,350G
정육_햄,비비큐 실속세트 청양고추 닭가슴살 소시지,120G
반찬,더반찬 싱글제육볶음, 
반찬,피코크 묵은지 김치 전,390G
아이스크림,하겐다즈 쿠키크림,473ML
반찬,무말랭이 피클,485G
반찬,새우젓갈,400G
사탕,카토 시오아메소금사탕,160G
소스류,동광 해양심층수 새우젓,1KG
정육_햄,춘천에서만든순수닭갈비,100G
치즈,노브랜드 체다슬라이스치즈,900G
사탕,유가맛 캔디,4KG
정육_햄,다향 밥엔덕,85G
아이스크림,해태 체리마루,540ML
냉동식품,양념강정,200G
김치,깐깐 송도순 나박김치,5KG
기타간식,피코크 다섯가지 곡물로 만든 오곡 초코볼,510G
과자,수미칩 허니머스타드,85G
아이스크림,월드콘 아이스크림, 
반찬,도들샘 고추잡채또띠야, 
냉동식품,등심돈카츠, 
정육_햄,씨제이 맥스봉 할라피뇨,490G
소스류,동광 신안어담새우젓육젓,1KG
아이스크림,빙그레 슈퍼콘 초코,750ML
김치,제주김치 유산균 맛김치,10KG
아이스크림,부라보콘, 
소스류,동광 비빔날치알,130G
아이스크림,또로롱 바밤바, 
기타간식,초록마을 뚜또유기농블루베리푸딩,110G
소스류,동광젓갈 해양심층수 새우젓,200G
사탕,트롤리 사우어 글로웜즈,100G
우유,매일유업 상하목장 슬로우밀크 저지방,180ML
빵,프랑스 프리미엄 미니 시나몬스월 냉동생지,35G
빵,로투스 오리지날 벨기에 와플, 
아이스크림,매그넘 아몬드바,100ML
빵,서울식품 턴오버,75G
아이스크림,조안나 업소용대용량아이스크림 바닐라, 
냉동식품,프리미엄 엑스오 교자,324G
정육_햄,피코크 제주 흑돈 고추장 불고기,300G
반찬,고추장소스진미채,135G
기타간식,켈로그 베리앤넛 에너지바,30G
빵,진한 블루베리 파운드 더블세트, 
정육_햄,씨제이 맥스봉 갈릭비엔나,70G
반찬,피코크 메추리알 장조림,130G
치즈,만토바 그라나파다노,200G
사탕,가슈가이 스미야키 커피사탕,95G
빵,하루노유키 바움쿠헨 행운의 케익 맛차, 
우유,파스퇴르 우유,2300ML
아이스크림,바밤바 아이스크림, 
기타간식,풀무원 모짜렐라브리또스위트텐더,345G
반찬,종가집 무말랭이기획세트,360G
반찬,국내제조 더덕무침,1KG
기타간식,모듬 바람떡,60G
사탕,후르트텔라 요구르트 캔디,590G
기타간식,노브랜드 콘오리지널바,120G
반찬,피코크 무말랭이무침,130G
사탕,베베토,980G
정육_햄,돼지 목심 양념 구이,800G
정육_햄,미소담은 언양식소불고기,500G
사탕,시크릿쥬쥬 왕반지사탕,6G
김치,마음심은 이종임 열무물김치,4KG
소스류,안동낫또 안전한먹거리 꽉찬구성 국내산 검은콩낫또,45G
아이스크림,빙그레 키위아작,75ML
사탕,목캔디파워허브파우치,133G
김치,참다올 전라도광주김치 묵은지,10KG
반찬,명란젓갈분란,400G
우유,남양 맛있는 우유지티 아인슈타인 베이비,555ML
김치,종가집 볶음김치,100G
빵,프랑스 미니베이네 크림필링 냉동빵,25G
과자,프링글스 사워크림앤어니언,134G
우유,귀리우유귀리음료 오리지널,250ML
과자,토스티토스 오리지날 또띨라 칩,284G
냉동식품,노브랜드 그릴함박스테이크,560G
우유,고칼슘우유,900ML
정육_햄,케이쿡 매콤바베큐 폭립,400G
과자,크라운 카라멜 메이플콘,154G
아이스크림,끌레도르 초코파인트,474ML
소스류,속초 선호 젓갈선물세트, 
반찬,청정원 휘슬링쿡 사천식고추잡채,240G
냉동식품,오뚜기 맛있는 치즈핫도그,400G
과자,청우 순쌀 과자 미본 오리지널,288G
사탕,크라운 마이쮸 사과볼,110G
기타간식,나가사키 카스텔라 허니,270G
반찬,호두멸치볶음,100G
과자,오울트리 바나나칩, 
사탕,디저트 종합캔디,2KG
기타간식,씨제이 맛군밤,60G
냉동식품,올반 동그랑땡,760G
사탕,포스 오리온 아이셔 츄잉캔디,159G
기타간식,먹기좋게 잘린 찹쌀떡,150G
김치,도들샘포기김치,5KG
냉동식품,창화당 납작고기왕군만두, 
정육_햄,더건강한베이컨,90G
정육_햄,그릴 닭가슴살,100G
과자,노브랜드 콘소메맛 팝콘,210G
과자,노브랜드 카스타드, 
과자,자가비 오리지날,90G
아이스크림,찰떡국화빵 아이스크림, 
빵,부드럽고 은은한 커피콩빵, 
사탕,미성 머쉬멜로우,135G
과자,청우 튀밥,140G
김치,종가집 포기김치,8KG
기타간식,입안애다짐붉은대게살,80G
빵,메스테마허 미니 프로틴 브레드, 
과자,미니 프레첼 체다치즈맛,85G
반찬,감자채햄볶음,250G
과자,꿀꽈배기,90G
우유,남양 고소한 저지방우유,900ML
정육_햄,동원 통그릴윈너,300G
과자,엉클팝 길쭉이 보리과자,400G
정육_햄,동원냉장냉동 켄터키후랑크,360G
김치,씨제이 비비고 썰은배추김치,80G
소스류,성진 청국장분말,350G
빵,메스테마허 미니 파워 브레드, 
소스류,소고기볶음고추장,250G
빵,하루노유키 겹겹이 구워낸 바움쿠헨 피크닉, 
정육_햄,목우촌 주부,250G
기타간식,피코크 퐁당쇼콜라헤이즐넛,200G
소스류,동광 웰빙오징어젓매운,300G
정육_햄,도드람한돈 영양스테이크,100G
사탕,스키틀즈 오리지날,45G
냉동식품,노브랜드 순살 치킨 너겟,800G
반찬,셀프두부조림,600G
사탕,몽스 아이스버그 캔디멍크,30G
빵,잉글리쉬 파운드 더블세트, 
정육_햄,목우촌 프라임 비엔나소시지,240G
우유,덴마크 무항생제 우유,120ML
빵,럭키 밀크 크레이프케이크, 
빵,잉글리쉬파운드진한 초콜릿 파운드, 
아이스크림,스위트 아이스 망고 바스틱,50G
김치,참다올 전라도광주김치 묵은지,5KG
김치,강순의명가 열무김치,2KG
반찬,오징어채 볶음,100G
빵,진한 블루베리 파운드,620G
김치,씨제이 비비고 썰은배추김치,500G
김치,여수 돌산 갓김치,5KG
빵,피코크 떠먹는 레어치즈 케익,100G
아이스크림,빙그레 참붕어싸만코,150ML
과자,빙그레 꽃게랑,70G
반찬,고추장굴비 세트,500G
기타간식,피코크 퐁당쇼콜라,200G
김치,마음심은 이종임의 포기김치,10KG
빵,프랑스 프리미엄 미니 크로와상 냉동생지,25G
우유,남양 맛있는우유 지티,900ML
냉동식품,씨제이 고메 바삭튀겨낸 모짜렐라돈카츠,450G
빵,프랑스 미니베이네 초콜릿 헤이즐넛필링 냉동빵,25G
아이스크림,스트로베리치즈케익 아이스크림,474ML
빵,삼립 저온숙성 숙식빵,420G
과자,오리온 오징어 땅콩 오리지널,98G
정육_햄,존쿡 모듬소시지,410G
냉동식품,소담잎새군만두,380G
우유,남양 고소한락토프리저지방,900ML
정육_햄,더더건강한 통오리오븐구이 슬라이스,400G
사탕,에그디노,16G
빵,안흥식품 고소한 할매찹쌀 호떡,1000G
김치,피코크 특제육수 조선호텔 총각김치,1500G
빵,사요 우리쌀로 빚은 밥알인절미,40G
소스류,안동낫또 우리콩 백태,54G
반찬,삼색야채절임,450G
냉동식품,씨제이 고추깻잎군만두,392G
아이스크림,하겐다즈 파인트,814ML
사탕,과일맛캔디,4KG
아이스크림,더위사냥 커피 아이스크림, 
과자,수미칩 바질페스토,85G
기타간식,시리얼이탈리아 뮤즐리바 클래식,150G
냉동식품,하림 바삭바삭아몬드치킨텐더,420G
빵,월넛파운드진한 초콜릿 파운드, 
과자,대왕어포, 
소스류,다담된장찌개양념,500G
치즈,과일치즈 영양간식디저트, 
기타간식,청정원 고구마츄,180G
아이스크림,해태 초코청크마루,540ML
빵,씨제이 냉동케익, 
우유,전용목장 멸균우유,200ML
치즈,램브란트,200G
기타간식,히로타 딸기크림슈, 
사탕,바주카 쥬시드롭팝,26G
사탕,포스 농심 멘토스 초코화이트,38G
기타간식,씨제이렛츠웰맛밤,80G
반찬,코다리간장조림,250G
반찬,바다의 맛을 담은 젓갈, 
반찬,설렁탕, 
사탕,스카치캔디 커피맛,317G
빵,소프트제리롤 잉글리쉬파운드 세트, 
기타간식,쌀눈쌀로만든유기농쌀가루중간입자,25G
빵,레드벨벳 크림치즈케익,35G
기타간식,풀무원 모짜렐라브리또에그토마토치킨,345G
과자,노브랜드 코코넛크런치쿠키,175G
정육_햄,해드림 왕족발슬라이스,525G
우유,파스퇴르 저온살균우유 기획세트,930ML
우유,아데스 아몬드 오리지널,210ML
반찬,피코크 계피 호떡,480G
치즈,치즈육포,40G
정육_햄,본래백순대,1KG
과자,씨제이 맥스칩 어니언믹스,30G
아이스크림,하겐다즈 초코렛 아이스크림,946ML
빵,프랑스 냉동 쁘띠버터 마들렌 냉동빵,18G
우유,매일 아몬드브리즈 오리지널,950ML
김치,배윤자 동치미,3KG
치즈,끼리 딥앤크런치,140G
반찬,동광젓갈 양념조개젓,180G
정육_햄,피코크 얇은베이컨,75G
냉동식품,해태 김치손만두,800G
빵,소프트제리롤 호두파운드 세트, 
기타간식,블루베리동결건조스낵,12G
과자,타피오카, 
소스류,맥꾸룸 청국장,160G
김치,전라도 포기김치,3300G
아이스크림,끌레도르 프리미엄아이스크림 연인선물세트, 
치즈,매일 상하치즈 더블업 체다슬라이스,360G
치즈,체다 슬라이스 치즈,400G
정육_햄,마포서서갈비양념 소로스구이,230G
아이스크림,또로롱 죠스바, 
사탕,코우코우 마우스캔디,13G
정육_햄,동원냉장냉동 토핑초밥유부바베큐참치,230G
사탕,크라운 마이쮸 딸기복숭아,328G
치즈,벨큐브 체다,125G
빵,럭키 블루베리 크레이프 케이크, 
반찬,마늘쫑무침,500G
아이스크림,위즐 바닐라 피칸 아이스크림,700ML
우유,파스퇴르 후레쉬우유,600ML
빵,삼립 냉동 정통와플 플레인, 
사탕,천하 캐빈디쉬 종합과일캔디,200G
냉동식품,더반찬 통살생선까스,270G
반찬,감자볶음, 
사탕,씨제이 전립소 쏘팔메토, 
사탕,곤약젤리애빠지다 청사과맛,130G
아이스크림,엑설런트 아이스크림, 
소스류,씨제이 행복한콩 유산균 생나또 가쓰오간장,49G
사탕,스카치 캔디 세가지맛,317G
소스류,신안 프리미엄특등급새우젓추젓,2KG
냉동식품,모닝하임 행복한 수제흰살생선까스,1200G
빵,메나쥬리 스트로베리크림롤, 
정육_햄,오리지널 닭가슴살,150G
소스류,안동낫또 우리콩,54G
기타간식,동원에프비 저스트 양파칩,25G
치즈,지 데어리워크스 고다 치즈,250G
기타간식,무농약 반건조 첫사랑 군고구마,65G
냉동식품,풀무원 모짜렐라 호떡만두,600G
정육_햄,소대창구이,500G
과자,피코크 온더보더 나쵸칩 오리지널,100G
정육_햄,이거네양념 갈매기살,300G
정육_햄,동원 동물친구들 비엔나,275G
김치,피코크 조선호텔 볶음 김치,100G
반찬,하남쭈꾸미 하남갑오징어,350G
과자,오울트리 코코넛크래커, 
반찬,밥도둑양념생깻잎,150G
사탕,청우 호박엿,400G
반찬,피코크 제육볶음 양념소스,200G
반찬,더반찬 싱글부대찌개, 
김치,제주김치 제주 백년초 백김치,650G
소스류,씨제이 다담 치킨데리야끼양념,140G
반찬,고추절임, 
과자,생생칩 아메리칸버거맛,120G
반찬,국내제조 안심반찬 장아찌 간장절임,1KG
우유,남양 아인슈타인 멸균 플러스,120ML
사탕,밀크레 서울우유 밀크릿,500G
빵,촉촉한 카스테라 호두과자,1300G
과자,오리온 포카칩 표고버섯맛,126G
우유,남양 맛있는우유지티 락토프리,180ML
사탕,과일 종합캔디,2KG
우유,매일두유,190ML
빵,프랑스 프리미엄 뺑오쇼콜라 냉동생지,75G
정육_햄,진저원 제대로 만든 간장 제육불고기,200G
김치,명가일품 강원도 고랭지 절임배추,7KG
정육_햄,진주햄 천하장사 오리지날 미니,400G
아이스크림,빙그레 그라시아쿠앤크,710ML
사탕,목캔디허브,243G
빵,안흥식품 원조 할매쌀찐빵, 
빵,생미쉘 프렌치도넛 초코마블,180G
치즈,데본 클로티드 크림,170G
과자,농심 감자깡,250G
빵,프랑스 프리미엄 뺑포숑 파베이크,450G
반찬,동광젓갈 웰빙창란젓,180G
아이스크림,노브랜드 밀크 아이스 크림,660ML
냉동식품,하림 매콤닭강정,250G
반찬,더덕오이사과무침,185G
기타간식,와인안주 건망고 열대과일 태국 루쿤,85G
기타간식,맥케인 리에주슈가와플,90G
사탕,롤리팝 어쏘티드, 
우유,아몬드브리즈 언스위트,190ML
과자,오리온 꼬북칩 히말라야소금맛,160G
사탕,클로렐라 젤리,4KG
냉동식품,대림 고기감자떡만두,500G
사탕,검정콩 캔디,4KG
기타간식,제주담은 곡물연구소 느랏 통곡물 씨리얼바,22G
소스류,피코크 제대로 맛을 내는 낙지 볶음 양념 소스,140G
빵,수제 전주 보리 초코파이,90G
소스류,꼬막장,180G
빵,월넛파운드,650G
사탕,멘토스 어쏘티드 후르티 믹스,810G
사탕,리틀팝 어쏘티드, 
사탕,바주카 푸쉬팝 캔디 듀오두가지맛,16G
기타간식,리얼밀슈스트링,700G
아이스크림,불라 리얼 데어리 아이스크림 바닐라,2L
반찬,피코크 계란장조림,400G
소스류,속초아바이마을전통젓갈 명태회무침,1KG
우유,아이전용 안심 베이비워터 매일 첫 워터,500ML
냉동식품,피코크 한입치즈돈까스,400G
우유,매일 아몬드브리즈 언스위트,950ML
기타간식,씨제이 쁘띠첼 요거젤리 밀감,90G
우유,멸균우유,200ML
정육_햄,구워먹는 닭가슴살 탕수육,450G
정육_햄,포천이동갈비 선물세트,2200G
빵,삼립 미니 꿀호떡 요요,192G
아이스크림,라라스윗 녹차, 
김치,씨제이비비고 묵은지,400G
냉동식품,그릴떡갈비,300G
냉동식품,씨제이 비비고 낙지비빔밥,410G
정육_햄,라퀴진 브런치 베이컨,200G
사탕,마이쮸 포도사과,328G
빵,삼립 고구마무스 조각케익, 
과자,쌀로별 오리지널,156G
아이스크림,유기농 아이스크림 바닐라 474 ML, 
우유,아몬드브리즈 오리지널,190ML
과자,꼬깔콘 군옥수수맛,166G
우유,목장의 신선함이 살아 있는 저지방,1L
김치,누리원 아삭한 맛김치,5KG
아이스크림,팽이팽이,280ML
우유,덴마크 건강한 딸기딸기우유,220ML
김치,테이스티홈 국내산 총각김치,3KG
사탕,검은통깨사탕 대용량사탕,35KG
반찬,무말랭이무침,1KG
기타간식,풀무원 토이쿠키 만들기,300G
반찬,국내제조 간장마늘쫑장아찌,1KG
소스류,피코크 궁중식 떡볶이 양념소스,300G
아이스크림,끌레도르 프리미엄아이스크림 베리믹스바, 
소스류,피코크 제대로 맛을 내는 소 불고기 양념,180G
사탕,무민 과일맛 소프트캔디, 
반찬,순살코다리강정, 
기타간식,씨제이 쁘띠첼 과일젤리 포도,210G
우유,후디스 유기농우유,180ML
정육_햄,한상차림 엘에이 한입갈비 선물세트,2KG
반찬,한돈간장불고기, 
사탕,하리보 골드베렌 젤리 곰돌이,250G
사탕,피에스타 롤리팝, 
치즈,매일 상하 샐러드용 슈레드 치즈,210G
김치,종가집 썰어담은맛김치,1200G
반찬,피코크 초마 탕수육,450G
빵,프랑스 프리미엄 뺑라크림 냉동생지,90G
냉동식품,굿초이스치킨너겟,1KG
김치,강순의명가 총각김치,1KG
빵,브레드샵 피터스 플레인 베이글, 
사탕,자일리톨 슈가프리 닥터존스 캔디,454G
반찬,파육개장, 
우유,저지방 우유,1L
정육_햄,한촌설렁탕 화로구이,1KG
정육_햄,닭가슴살 수제 소시지, 
과자,액트,234G
빵,서울식품 미니크림치즈파이,35G
정육_햄,씨제이 더건강한 통삼겹스테이크페퍼,175G
정육_햄,미트원 양념소엘에이갈비,500G
정육_햄,국내산 순살 춘천닭갈비,1KG
아이스크림,빙그레 비비빅,70ML
빵,삼립 땅콩 미니샌드,160G
소스류,속초 두레찬 명태회무침,500G
우유,연세 런닝맨 사과 유산균음료,190ML
반찬,동광젓갈 웰빙낙지젓,180G
과자,노브랜드 고구마형 과자,300G
김치,종가집 담백한 나박김치,3KG
아이스크림,아이스노이에 오호츠크솔트 아이스크림, 
정육_햄,자르지않아도 되는 순수조각닭갈비,500G
반찬,피코크 우엉 채 조림,100G
정육_햄,피코크 샌드위치햄,400G
빵,연유팥앙금빵, 
치즈,서울 지방을 줄인 고칼슘 치즈,270G
치즈,고다 슬라이스 치즈,200G
냉동식품,옛날 왕교자,936G
치즈,매일 상하치즈 까멩베르,100G
아이스크림,노브랜드 망고 소르베 아이스 크림,660ML
냉동식품,동원 개성왕만두,494G
빵,전주한옥마을 명물 커피콩빵, 
냉동식품,피코크 스모크블랙 미트볼,400G
정육_햄,피코크 언양식 불고기,150G
치즈,에멘탈 슬라이스,150G
빵,피코크 미니팬케이크,255G
김치,요리연구가 이보은의 반딧불 포기김치,11KG
정육_햄,올반키친 올반 양념 소불고기,160G
빵,씨제이프레시웨이 우리밀 초코 치즈케익,384G
사탕,스코 이클립스 피치,31G
아이스크림,셀렉션 아이스크림,500ML
치즈,일 드 프랑스 미니 브리,125G
과자,자주 달고나,25G
사탕,바이오디저트 종합캔디,4KG
기타간식,고단백 통곡물바 단백할시간 화이트,35G
정육_햄,백설 그대로 수육,290G
사탕,리틀팝 캔디 버터 스카치 카페라떼 초콜릿 어쏘티드, 
냉동식품,한만두 정갈한 부추갈비만두,420G
정육_햄,김해축협 한돈양념찜갈비냉동,900G
빵,메나쥬리 먹물베이컨치즈바게트, 
빵,롤리노 카카오맛,222G
기타간식,피셔 로스티드 솔티드 피넛,400G
소스류,속초 선호 맛있는젓갈,1KG
냉동식품,창화당 김치궁중만두, 
반찬,국내제조 양념깻잎무침,1KG
우유,매일유업 상하목장 케피어,750ML
사탕,트레핀 벨기안 커피맛 스위트캔디,15KG
정육_햄,씨제이프레시웨이 단호박 핫도그,50G
과자,프링글스 비비큐맛,134G
반찬,짠맛을 줄인 속초 창난젓,400G
사탕,검은콩사탕 대용량사탕,35KG
아이스크림,아이스가이 아이스크림, 
기타간식,씨알로 콘시리얼바,20G
김치,종가집 묵은지김치,500G
과자,죠리퐁,238G
우유,매일우유 소화가잘되는우유,180ML
김치,종가집 갓담근 생생아삭김치,500G
기타간식,동원 돌 곤약젤리 얼그레이 자동,130ML
빵,삼립 냉동 허니버터브레드, 
냉동식품,창화당 새우지짐만두, 
정육_햄,다향오리 훈제오리,540G
과자,사조해표 팝콘 치즈맛,80G
아이스크림,구구 크러스터,660ML
아이스크림,범산목장 유기농아이스크림 녹차, 
반찬,피코크 정통 인도식 커리 무르그마크니,190G
아이스크림,빠삐코 아이스크림, 
기타간식,피코크 시리얼바,280G
김치,아워홈 포기김치,10KG
과자,토스티토스 크리스피라운드 또띨라 칩,284G
정육_햄,순살찜닭,900G
김치,종가집 포기김치,1KG
반찬,통등심돈까스, 
과자,티카 칩스 푸리오사스,135G
정육_햄,씨제이 더 건강한 그릴후랑크,300G
빵,하니카스테라진한 흑임자 파운드, 
정육_햄,부촌푸드 냉장 유황 손질생오리,1KG
빵,삼립 옛날 밤만쥬,400G
반찬,창난젓갈,400G
김치,제주김치 제주 자리젓 김치,650G
치즈,엘프 멜론 앤 망고 과일치즈,125G
빵,프랑스 프리미엄 초콜릿 머핀 냉동빵,75G
빵,롯데버터미니크로와상,200G
과자,오리온 썬 갈릭바게트맛,135G
치즈,스모크 디스크,100G
기타간식,씨제이 맥스봉 할라피뇨,490G
우유,푸르밀 검은콩 우유,900ML
반찬,피코크 만두 전골,780G
과자,자주 제주 그대로 귤향 과즐, 
빵,소프트제리롤진한 흑임자 파운드, 
우유,남양,300ML
김치,아라김치 해양심층수 열무물김치,2KG
정육_햄,청정원 리치부어스트,1500G
김치,피코크 조선호텔 열무김치,400G
치즈,퀵밀크 매직 스트로우 밀크팩초코향,78G
소스류,씨제이 다담 우렁강된장 양념,500G
빵,소프트제리롤진한 초콜릿 파운드, 
사탕,워커스 어쏠티드 토피스 앤 에클레어,1000G
사탕,디저트사탕 박하사탕,2KG
냉동식품,김치 손만두,1500G
냉동식품,노브랜드 물만두,1000G
반찬,우엉조림,200G
냉동식품,피코크 숙성등심돈까스,360G
냉동식품,씨제이 고메너겟,550G
빵,후앙 왕소보루빵, 
정육_햄,소불고기,160G
반찬,피코크 팥 호떡,480G
반찬,고추장아찌, 
냉동식품,동원 표고고기완자,425G
소스류,국산콩 생나또, 
기타간식,화과방 내입에 쓱떡 깨구름찰떡,60G
아이스크림,와 아이스크림, 
치즈,리얼 그레이티드 파마산치즈,227G
아이스크림,롯데푸드 구구 오리지널,460ML
아이스크림,롯데푸드 구구 크러스터 바닐라,660ML
빵,사라리 오리지날 베이크드 치즈케익,500G
빵,안흥찐빵 찐빵 세트, 
김치,종가집 오래오래 맛있는 열무김치,1800G
냉동식품,피코크 미니팝치킨,500G
사탕,청포도사탕 대용량사탕,35KG
사탕,공룡메카드 엘이디 캔디,12G
과자,쌀로별 구운 라이스 크래커 인절미맛,74G
소스류,풀무원 정통 뚝배기 순두부찌개양념,145G
우유,서울우유 멸균우유,200ML
소스류,더반찬 낙지젓, 
사탕,바밤바 소프트캔디,161G
소스류,충북충주 옛맛그대로 항아골 청국장,120G
과자,구운감자,162G
우유,빙그레 바닐라맛우유,240ML
소스류,동광젓갈 웰빙오징어젓매운,180G
김치,명가일품 한입에 반한 싱싱 막김치,10KG
빵,씨제이 쁘띠첼 치즈케이크 까망베르,95G
냉동식품,씨제이 생야채 돼지고기 물만두,400G
빵,뉴시몬케익, 
냉동식품,씨제이 비비고왕교자,490G
사탕,뽀로로 입술캔디, 
반찬,건시래기나물볶음, 
소스류,피코크 매운 찜닭 양념 소스,250G
과자,피코크 솜치즈,40G
냉동식품,피코크 미니생선커틀렛,400G
소스류,안동낫또 안전한먹거리 꽉찬구성 국내산 노란콩낫또,45G
반찬,견과류 멸치볶음,100G
사탕,멘토스 바틀,81G
기타간식,포스트 골든그래놀라레드빈그린티,360G
아이스크림,앙꼬바 아이스크림, 
정육_햄,라퀴진 미트스틱 오리지널,40G
정육_햄,본래직화 불고기,200G
기타간식,도라지배즙,100ML
정육_햄,청정원 집으로온 치즈떡갈비,400G
소스류,속초 선호 낙지젓갈,500G
정육_햄,김해축협 한돈제육볶음냉동,1KG
김치,테이스티홈 국내산 묵은지,1KG
치즈,상하치즈 더블업 모짜렐라 슬라이스,240G
반찬,울릉도 산마늘 명이나물취나물 장아찌절임,800G
아이스크림,아이스크림 멀티바 스트로베리앤크림, 
기타간식,풀무원 아임리얼 떠먹는 복숭아,130G
정육_햄,씨제이 더건강한 통목살 스테이크,350G
김치,한성김치 한성포기김치,8KG
치즈,벨큐브 플레인 치즈,125G
반찬,미니볼돈까스키즈, 
사탕,진호박엿,4KG
정육_햄,썬더버드 닭가슴살 함박스테이크 어니언 데리야끼, 
냉동식품,씨제이 비비고 새우왕교자,315G
빵,후앙 마늘바게트, 
기타간식,이마트 후르츠 그레인 그래놀라,360G
반찬,속초 두레찬 명태회무침,500G
김치,사그담 시원한 동치미,2KG
정육_햄,비앤피월드 양념안창살 구이,300G
정육_햄,불고기브라더스 광양식돼지불고기,200G
반찬,씨제이 하선정쌈무새콤,350G
과자,카무트 밸런스 스위트,50G
정육_햄,불고기월남쌈, 
김치,명가일품 한입에 반한 싱싱 막김치,2KG
과자,포테이토 크리스프 바비큐맛,15G
아이스크림,하겐다즈 프로즌 요거트 스트로베리 아이스크림,473ML
과자,농심 양파깡,83G
반찬,삼호 항아리감자수제비,450G
우유,매일 허쉬드링크멸균,190ML
빵,삼립 냉동 바나나슈, 
사탕,미성 빅머쉬멜로우,100G
사탕,휘트니스 식염포도당정, 
기타간식,피코크 딸기 그대로,10G
과자,프링글스 양파맛,110G
냉동식품,노브랜드 메밀김치전병,720G
빵,삼립 냉동 소프트케익 치즈모카고구마, 
사탕,터키쉬 구름사탕 피스타치오맛,250G
냉동식품,씨제이 고메 바삭튀겨낸 멘치돈카츠,480G
기타간식,켈로그 팝타르트 블루베리,416G
사탕,블루베리 젤리,4KG
치즈,매일유업 알라슬라이스 고다,150G
정육_햄,티에스 달링 다운 와규 칼집양념구이,100G
빵,기린 우유식빵,400G
정육_햄,양념 등심 돈까스,600G
냉동식품,찹쌀군만두,1350G
김치,종가집 열무김치,500G
정육_햄,김해축협 한우 한돈 양념육, 
정육_햄,양념돼지 불고기,600G
빵,롯데 아이러브 통밀식빵,500G
기타간식,노브랜드 맛있는 군밤,100G
빵,진한 블루베리 파운드 초콜릿, 
치즈,끼리 터브,200G
과자,오리온 썬 핫 스파이시 맛,135G
우유,바나나는 원래 하얗다,235ML
우유,멸균흰우유,1000ML
빵,메나쥬리 초코크림롤, 
냉동식품,동원 동그랑땡,850G
아이스크림,노브랜드 초코 칩 아이스 크림,660ML
김치,씨제이 비비고 김치볶음,80G
소스류,상촌전통장별, 
냉동식품,씨제이 비비고매운왕교자,385G
아이스크림,스트로베리,474ML
과자,피코크 씨 솔트 카라멜 크림 치즈 팝콘,45G
냉동식품,하림 간장닭강정,250G
아이스크림,또로롱 일품팥빙수, 
반찬,황기닭곰탕, 
김치,이씨네김치 전통이 살아숨쉬는 묵은지,3KG
우유,커피 삼각 포리,200ML
정육_햄,케이쿡 바베큐 폭립,400G
반찬,피코크 계란찜,100G
사탕,별모양 막대사탕 어린이날 할로윈 캔디 간식, 
냉동식품,부산 전통의 맛 그대로 완당,173G
정육_햄,유황먹은 훈제오리,1KG
김치,종가집 저온숙성묵은지,5KG
냉동식품,동원 개성왕교자만두,437G
소스류,신안 프리미엄특등급새우젓추젓,1KG
정육_햄,도드람돈까스,300G
기타간식,귀리 후레이크 시리얼 녹차맛,30G
기타간식,삼립 화이트슈 까망쿠키크럼블,108G
빵,삼립 미니누네띠네,500G
아이스크림,하겐다즈 마카다미아 넛 아이스크림,100ML
김치,피코크 조선호텔 맛김치,800G
과자,허니버터칩미니팩,180G
과자,오리온 섬섬옥수수 어니언,68G
빵,서울식품 밤데니쉬,300G
아이스크림,아이스노이에 크림치즈 아이스크림, 
냉동식품,의성마늘 롤만두,360G
정육_햄,사조안심 닭가슴살 훈제,100G
반찬,씨제이 하선정 먹기좋게썰은 장아찌,150G
빵,진한 흑임자 파운드,620G
치즈,어린이치즈 앙팡,270G
빵,월넛파운드 잉글리쉬파운드 세트, 
김치,비비고 김치볶음,80G
치즈,국내산 수제 두마리목장 구워먹는 할루미치즈,150G
우유,진심을 담은 우유,1000ML
사탕,롤리팝 막대사탕소, 
아이스크림,끌레도르 프리미엄아이스크림 종합 세트, 
치즈,임실 스트링치즈,20G
반찬,숙 장아찌 방풍나물,350G
우유,남양 고소한 락토프리 우유,900ML
김치,종가집 맛있는 맛김치,500G
정육_햄,닭가슴살 스테이크 갈릭맛,100G
소스류,속초 백명란젓갈 파치,1KG
김치,종가집 포기김치,900G
과자,솔빛담은 부드러운 현미스낵, 
김치,강순의명가 치자백김치,3KG
소스류,권기옥명인 한우볶음고추장,500G
정육_햄,구운 에어 치킨 윙봉국내산,500G
김치,씨제이 비비고 김치,900G
김치,씨제이 비비고 포기배추김치더풍부한맛,3500G
사탕,츄파춥스 헬로키티,12G
우유,덴마크 츄썸복숭아,180ML
치즈,퍼시픽 페퍼잭 치즈,227G
정육_햄,미트원 마포서서갈비양념 소로스구이,230G
정육_햄,피코크 불고기 한 접시,320G
김치,종가집 썰어담은맛김치,1700G
정육_햄,동원냉장냉동 본엠 통그릴 비엔나 와인숙성,330G
김치,테이스티홈 국내산 묵은지,5KG
아이스크림,일품 팥빙수, 
냉동식품,새참 잡채 군만두,700G
반찬,싱그람 김밥용우엉,300G
기타간식,들깨 수제강정,600G
우유,파스퇴르 무항생제 바른목장 바나나우유,375ML
반찬,속초 선호 청어알젓갈,500G
사탕,크리피젤리,66G
치즈,남양 치즈사이에 삼층치즈 크림,224G
정육_햄,녹차먹인 다향 훈제오리,450G
빵,롯데빅단팥빵,315G
빵,국내산 팥으로 만든 안흥단호박찐빵, 
반찬,우엉피클,470G
기타간식,명인조청 영양바,15G
정육_햄,씨제이 더건강한통삼겹스테이크갈릭바질,350G
김치,명가일품 강원도 고랭지 절임배추,1400G
냉동식품,노브랜드 정통왕교자,945G
김치,춘향골 김치보감 생 포기 김치,10KG
냉동식품,노브랜드 순수돈까스 500 G, 
정육_햄,사나이창 양념 소갈비,500G
반찬,젓갈명물,500G
김치,제주김치 간편하고 맛좋은 제주 깍두기,550G
우유,푸르밀 고칼슘 저지방 우유,1800ML
우유,꿀이 든 미숫가루우유,750ML
반찬,피코크 오이 피클 절임,300G
소스류,안동낫또 우리콩 생청국장 흑태,54G
김치,하늘농산 하늘내린 비건맛김치,500G
과자,농심 고구마깡,83G
기타간식,피코크 얼그레이 쉬폰케익,120G
냉동식품,모닝하임 해물동그랑땡,1000G
우유,매일우유 매일 바이오 플레인,450G
치즈,지베가 슬라이스치즈,500G
아이스크림,나뚜루 멀티바 바닐라아몬드,90ML
사탕,크라운 마이쮸 포도볼,110G
사탕,시크릿쥬쥬 불빛반지사탕,15G
기타간식,삼립 블루베리 요거트왕슈,108G
빵,프랑스 프리미엄 미니 초콜릿 트위스트 냉동생지,28G
과자,노브랜드 크리스피롤,220G
아이스크림,뽕따소다 아이스크림, 
아이스크림,노브랜드 달콤한 초코 아이스,5L
우유,아인슈타인키즈,185ML
냉동식품,오뚜기 옛날 쌀떡국,1816G
아이스크림,피코크 퓨어 아이스 각얼음,25KG
기타간식,돌 워터젤리사과,130ML
우유,덴마크 무항생제 바나나우유 1203, 
냉동식품,하림 치킨너겟,480G
기타간식,마카롱,13G
기타간식,벤토핫앤스파이시,72G
반찬,통살생선까스, 
김치,종가집 썰어담은 포기김치,450G
사탕,피코크 무설탕 망고캔디,40G
치즈,리얼말린치즈스틱 피자,20G
김치,딤채식품 건강담은 백김치,3KG
우유,저지방 우유,1800ML
사탕,리틀팝 카페라떼, 
반찬,하선정통오이지,300G
반찬,동광젓갈 웰빙명란젓,180G
치즈,크림치즈필라델피아 크림치즈,200G
정육_햄,하림 하얀속살비엔나,273G
반찬,무생채,300G
과자,오리온 스윙칩 폭립바베큐,124G
소스류,씨제이 유산균 생나또 달콤간장,102G
기타간식,씨제이 쁘띠첼 구미젤리 복숭아,50G
기타간식,초록마을 국산유기농발아보리차,400G
김치,도미솔 박미희 총각김치,5KG
정육_햄,천하일미 이원일 전통소불고기,400G
냉동식품,동원 생선까스,800G
냉동식품,씨제이 고메 크림치즈호떡만두,600G
냉동식품,수제치즈돈까스,480G
사탕,리콜라 레몬민트 허브캔디 드럼,100G
빵,안흥식품 고소한 할매찹쌀 호떡,500G
아이스크림,끌레도르 프리미엄아이스크림 레드카펫치즈케익컵, 
정육_햄,진주햄 줄줄이비엔나 오리지널,360G
기타간식,로러후즈 필라델피아 치즈케익 오레오,794G
냉동식품,프리미엄 엑스오 교자새우홍게살,324G
냉동식품,창화당 고추지짐만두, 
아이스크림,쌍쌍바,402ML
기타간식,초코캣바,30G
반찬,청정원 휘슬링쿡 안주야통마늘곱창볶음,220G
반찬,도들샘 가마소테누룽지, 
기타간식,오리온 오그래놀라바 무화과베리,120G
과자,오리온 포카칩 어니언맛,126G
냉동식품,삼양 미트볼,1000G
빵,프랑스 프리미엄 뺑푸제뜨 파베이크,45G
정육_햄,롯데 에센브런치 비엔나 리얼치즈,180G
김치,명가일품 한입에 반한 싱싱 막김치,5KG
사탕,크라운 마이쮸 복숭아볼,110G
냉동식품,치킨너겟,1KG
냉동식품,노브랜드 치킨봉,800G
소스류,한성 밥에 비벼먹는 오징어,150G
빵,프랑스 프리미엄 초콜릿 스위스 냉동생지,100G
정육_햄,동원냉장냉동 리얼 랍스터,144G
치즈,만토바 파르미지아노레지아노,200G
과자,노브랜드 라면 스낵,250G
정육_햄,천하장사 더블링 콘스윗치즈,400G
사탕,커피고 캔디 레귤러,160G
기타간식,바삭바삭한 식감굽네 닭가슴살 꾸이,23G
빵,프랑스 프리미엄 애프리코트 크로와상 냉동생지,115G
정육_햄,닭가슴살볼 깻잎맛,100G
냉동식품,피코크 두툼한 등심돈까스,600G
빵,마스카포네와 크림 치즈가 어우러진 정통 수제 치즈케익 치즈트랩 더블프로마쥬 말차치즈케익, 
치즈,벨큐브 체다 치즈,78G
기타간식,핫케이크가루,600G
아이스크림,하겐다즈 바닐라 카라멜 콘, 
반찬,낙지젓갈,400G
소스류,우렁 강된장 비빔양념,150G
치즈,서울우유 앙팡치즈 까요까요 플레인,72G
정육_햄,굽네 오리지널 훈제 닭가슴살 슬라이스,100G
기타간식,어네스트 파이버 퀴노아·베리,35G
반찬,대림선 신선한 우엉조림,150G
과자,고구메,63G
소스류,동광 어리굴젓,1KG
냉동식품,모닝하임 동그랑땡,1000G
반찬,콩자반,1KG
치즈,덴마크 짜지않은치즈 오리지널,252G
우유,커피맛단지,240ML
반찬,씨제이 하선정통오이지,300G
치즈,동원소와나무 피자치즈,280G
김치,제주김치 간편하고 맛좋은 제주 자리젓 김치,650G
소스류,풀무원 해물순두부 찌개양념,140G
냉동식품,삼양 까르보불닭왕교자,315G
기타간식,참깨수제강정,600G
기타간식,롯데 따봉 파인애플,198G
소스류,새우장,180G
기타간식,씨제이 쁘띠첼 워터젤리 사과,130ML
빵,으른 음료수 에 찰떡, 
정육_햄,씨제이 더건강한 통오리오븐구이슬라이스,400G
정육_햄,국내산 냉장 깐 근위,1KG
기타간식,풀무원 모짜렐라브리또비프할라피뇨,345G
냉동식품,남도전통순대 남도전통 막창 암뽕순대,1KG
기타간식,피키바 니드 포 시드,45G
우유,멸균 아인슈타인베이비, 
기타간식,떠먹는 초코무스케익,150G
기타간식,칼슘이 풍부한 멸치아삭,24G
냉동식품,해태 고향왕교자골드,480G
기타간식,돌 워터젤리망고,130ML
김치,대복 열무김치,3KG
김치,피코크 조선호텔 포기김치,3KG
정육_햄,요리연구가 이종임의 명품 엘에이갈비, 
우유,삼양 대관령목장 유기농우유,200ML
김치,사그담 시원한 동치미,1KG
냉동식품,씨제이 비비고 왕교자,455G
정육_햄,피코크 훈제 오리 순살 슬라이스,200G
아이스크림,와플 아이스크림, 
정육_햄,피코크 스모크 닭다리,170G
사탕,츄파춥스 리필팩, 
냉동식품,피코크 고구마치즈돈까스,600G
소스류,국물떡볶이 양념소스,150G
사탕,스키틀즈 사워,40G
냉동식품,씨제이 고메 불고기호떡만두,600G
빵,촉촉한 카스테라 호두과자,390G
냉동식품,동원 개성왕새우 군만두,315G
냉동식품,동원 감자물만두,600G
기타간식,피코크 김유조 안동 단호박 식혜 음료,460ML
정육_햄,굽네 갈릭허브 수비드 닭가슴살,100G
정육_햄,삼원가든 소불고기,500G
냉동식품,동원 해물모듬완자,850G
냉동식품,동원 해물새송이완자,795G
빵,하니카스테라,380G
정육_햄,오뗄 치즈인그릴후랑크,360G
정육_햄,우리집 비상반찬굽네 닭가슴살 장조림,120G
기타간식,씨제이 쁘띠첼 요거젤리블루베리,90G
치즈,동원 소와나무,54G
과자,쫄병스낵 안성탕면, 
냉동식품,우리통밀 김치만두,800G
정육_햄,동원냉장냉동 통그릴비엔나,360G
아이스크림,월드콘 멀티,160ML
사탕,카푸치노맛캔디,4KG
사탕,메이오 카라멜 밀크,120G
냉동식품,옛날 잡채왕교자,936G
치즈,서울우유 목장의 신선함이 살아있는 모짜렐라,200G
빵,프랑스 프리미엄 미니 뺑오레장 냉동생지,30G
김치,종가집 오래오래맛있는 열무김치,1KG
아이스크림,빙그레 투게더 아이스크림, 
치즈,소와나무 체다치즈 클래식,204G
아이스크림,찰떡아이스,90ML
정육_햄,순살 춘천닭갈비,1KG
정육_햄,올반 숯향불고기,150G
치즈,이마트 진심을 담은 유기농 아기치즈,180G
기타간식,삼립 아이스초코모찌롤,120G
기타간식,피코크 블루베리 젤리,90G
정육_햄,김해축협 한돈제육볶음냉장,1KG
우유,덴마크 대니쉬 더건강한우유,1800ML
소스류,장석준명장명란 비빔세트,640G
정육_햄,본래야채순대,1KG
기타간식,크림스노우치즈케익,210G
정육_햄,케이쿡 숯불구이향 바베큐 폭립,400G
우유,덴마크 무항생제 딸기우유,120ML
기타간식,로얄 프레즐 크림치즈,100G
김치,한결같은 규수댁 총각김치,3KG
빵,프랑스 프리미엄 바게트 파베이크,280G
반찬,피코크 안동인 안동 찜닭,1013G
김치,씨제이 비비고 김치,500G
아이스크림,아이스노이에 프레쉬 밀크 아이스크림, 
정육_햄,저염 훈제 닭가슴살,100G
사탕,미니언즈 서프라이즈캔디,10G
과자,오리온 꼬북칩 스윗시나몬,160G
아이스크림,바닐라 아이스크림 파인트,474ML
정육_햄,마늘맛 소시지,160G
정육_햄,양념소엘에이식갈비구이,600G
우유,전용목장 바나나 멸균우유,190ML
우유,덴마크 무항생제 인증목장 우유,120ML
기타간식,초록마을 유기능볶음콩가루,200G
김치,종가집 총각김치,2500G
김치,동원 양반 포기김치,10KG
치즈,수제 플레인 크림치즈, 
빵,삼립 폭신폭신 에그볼,400G
치즈,몽블랑 고다 큐브,100G
아이스크림,매그넘 프랄린,90ML
빵,메나쥬리 카라멜데니쉬, 
아이스크림,하겐다즈 커피 아이스크림,473ML
과자,말보로 시솔트 감자칩,150G
아이스크림,탱크보이 아이스크림, 
반찬,피코크 볶음밥, 
빵,하루노유키 바움쿠헨 행운의 케익 피레네 플레인, 
사탕,참스 미니팝,600G
사탕,종합디저트 캔디,4KG
냉동식품,씨제이 비비고 물만두,370G
우유,매일우유 멸균 무지방,200ML
과자,칩포테토 오리지날,125G
정육_햄,닭가슴살볼 치즈맛,100G
아이스크림,더 엑설런트디저트,110ML
소스류,광천 토굴 새우젓,1KG
과자,새우깡,400G
빵,메나쥬리 탱글탱글소세지데니쉬, 
반찬,국내제조 무말랭이 무침,2KG
소스류,더반찬 낙지젓,200G
치즈,동원 소와나무 이태리안피자치즈,420G
치즈,고다 슬라이스,150G
기타간식,씨제이 쁘띠첼 구미젤리 레몬,50G
기타간식,유기농배도라지액,10ML
반찬,피코크 피콕반점 깐풍기,670G
과자,별따먹자,100G
정육_햄,씨제이 백설동그랑땡,200G
우유,연세 전용목장 우유,450ML
우유,푸르밀 가나 쵸코 우유,900ML
반찬,참기름자반볶음,60G
냉동식품,피코크 조선호텔 볶음 김치,800G
사탕,포스 마이쮸포도,132G
김치,씨제이 비비고 총각김치,1500G
빵,피코크 마몰로 치즈케익,780G
기타간식,씨제이 쁘띠첼 망고,90G
김치,하늘농산 하늘내린맛김치,10KG
김치,종가집 하루세끼 맛김치세트,225G
김치,이씨네김치 전통이 살아숨쉬는 묵은지,5KG
사탕,크라운 새콤달콤모음,116G
김치,명가일품 한입에 반한 싱싱 총각김치,5KG
정육_햄,직화 튜립 닭발,180G
사탕,후르츠맛랜드,4KG
사탕,아몬드 누가 소프트 텐더 파랑 싱글팩, 
과자,에스비브 베이킹파우더, 
냉동식품,취영루 군만두,420G
김치,제주김치 유산균 맛김치,650G
반찬,대림선 신선한 연근조림,150G
냉동식품,씨제이 비비고물만두,370G
정육_햄,목우촌 프라임 로스트햄,590G
빵,메나쥬리 먹물포카치아, 
아이스크림,롯데삼강 돼지바,70ML
과자,스페인 유기농 감자칩,150G
반찬,쇠고기메추리알장조림,180G
정육_햄,씨제이 더건강한 이탈리안통베이컨 페퍼,350G
김치,종가집 맛김치,900G
우유,고소한 연세두유,200ML
우유,서울 커피우유,200ML
냉동식품,씨제이 비비고김치왕교자,420G
소스류,충북 충주 옛맛그대로 항아골 청국장,1KG
김치,제주김치 백년초 백김치,5KG
냉동식품,씨제이 비비고 청양고추 찐만두,392G
기타간식,노브랜드 콘견과바,120G
빵,영양간식 구움과자 고구마꿀호박꿀밤,35G
빵,베이컨토마토샌드위치,161G
김치,깐깐 송도순 나박김치,3KG
과자,오리온 예감 화덕칩 감자사라다맛,125G
김치,종가집 갓담근 생생아삭김치,1KG
기타간식,우리밀쌀국수,400G
정육_햄,미트원 양념돼지주물럭,500G
정육_햄,진주햄 천하장사 오리지날,280G
기타간식,삼양 흑당짱구,115G
치즈,래핑카우 치즈디퍼즈 솔로,35G
치즈,매일 상하치즈 후레쉬 모짜렐라,125G
아이스크림,하겐다즈 그린티,473ML
빵,하니카스테라진한 블루베리 파운드, 
김치,종가집 한입총각김치페트,290G
기타간식,농협 아름찬 감말랭이, 
정육_햄,오쿡 닭가슴살 혼합,200G
냉동식품,동원 개성 왕주꾸미만두,380G
김치,테이스티홈 국내산 깍두기,1KG
치즈,팔리니 이탈리안 그레이티드 치즈,80G
김치,명가일품 한입에 반한 포기김치,700G
과자,허니버터칩 라벤더앤블루베리,60G
김치,우리존 국내산 일미 볶음김치,1KG
김치,비비고 썰은 배추김치 더 풍부한 맛,900G
빵,프랑스 프리미엄 뺑오레장 냉동생지,110G
반찬,권창중 명인 울릉도참섬지기 명이절임,250G
김치,종가집 잘익은 톡톡아삭김치,1KG
빵,피코크 떠먹는 몽블랑 케익,100G
김치,종가집 시원한 동치미,2500G
정육_햄,사조안심 닭가슴살 마일드,100G
정육_햄,마포서서갈비양념 소갈비본살구이,230G
정육_햄,바디닭 소프트 오리지널 닭가슴살, 
반찬,매콤한 낙지볶음,400G
사탕,포지타노 레몬맛 캔디,200G
냉동식품,동원 개성왕만두,315G
냉동식품,피코크 매콤닭강정,200G
치즈,카카오 치즈 큐빅 그린티,84G
기타간식,리얼프렌치 크로크무슈 베이컨치즈,130G
정육_햄,씨제이 더건강한그릴비엔나200 엑스, 
반찬,숙 장아찌 곤드레,350G
과자,오리온 포카칩 오리지널,126G
과자,크라운 콘치,162G
아이스크림,요맘때 아이스크림 딸기바, 
빵,삼립 토종 효모로 만든 로만밀 통밀식빵,423G
김치,테이스티홈 국내산 총각김치,1KG
빵,노브랜드 치즈 크림 케익,590G
우유,고칼슘글루코사민,900ML
아이스크림,부라보콘 수박,140ML
정육_햄,본래직화 고추장불고기,200G
우유,연세 멸균우유,200ML
치즈,덴마크 고소한 구워먹는치즈,125G
반찬,종가집 국산깻잎지무말랭이 기획,120G
과자,피코크 서울스낵 불고기맛,75G
소스류,평화 저염 백명란젓 파치,1KG
빵,프랑스 프리미엄 냉동 마들렌 냉동빵,45G
기타간식,피코크 김유조 안동 찹쌀 냉동 식혜 음료,460ML
우유,남양 맛있는 우유 지티 저지방,23L
사탕,웨더스 오리지날 버터크림캔디,1KG
과자,치오프레즐오리지날,500G
반찬,한끼애 무말랭이무침,150G
아이스크림,투게더 시그니처 아이스크림 더블샷바닐라,110ML
정육_햄,마포서서갈비양념 부채살로스구이,230G
기타간식,노르망디 타르트, 
아이스크림,허쉬 녹차초코바, 
정육_햄,수비드 닭가슴살 바질올리브,115G
소스류,피코크 제대로 맛을 내는 된장찌개 양념,140G
우유,매일우유 멸균우유 딸기,200ML
사탕,스키틀즈 프룻츠향,45G
김치,깐깐 송도순 깍두기,3KG
냉동식품,비비고 왕만두,980G
우유,네스퀵 초콜릿맛 드링크,180ML
사탕,원피스토이캔디,10G
과자,감자칩버터갈릭맛,180G
과자,꼬깔콘 군옥수수맛,72G
냉동식품,씨제이 고메 크림치즈 호떡만두,600G
아이스크림,유니레버 스웨디시 글라스 바닐라바 555엠엘, 
우유,매일우유 상하목장우유 저지방,750ML
과자,노브랜드 달콤한 꿀깨 맛 고구마 칩 스낵,205G
반찬,동광젓갈 새우젓,180G
냉동식품,씨제이 비비고군만두,450G
반찬,피코크 닭볶음탕 양념,250G
빵,후앙 모찌모찌식빵, 
과자,해태 홈런볼 초코,146G
정육_햄,이마트 제대로만든매콤한꼬치후랑크,260G
냉동식품,창화당 모둠만두, 
소스류,마파두부양념 소스,130G
김치,올반 맛김치,1900G
냉동식품,한입가득 크림치즈군만두,300G
빵,후앙 드 몽블랑, 
치즈,하얀체다가 송송,180G
냉동식품,노브랜드 바삭 냉동 군 만두,1KG
반찬,피코크 계란말이베이컨,150G
우유,매일우유 상하목장 슬로우 밀크,750ML
냉동식품,씨제이 비비고 닭가슴살볶음밥,210G
우유,매일유업 상하목장 슬로우 밀크,180ML
우유,롯데 가나 초콜릿 밀크 멸균 초코우유,190ML
정육_햄,왕 쪽갈비,1KG
치즈,매일유업 알라슬라이스 하바티,150G
빵,삼립 통단팥이 가득 단팥빵,255G
과자,케틀 쿡 포테이토 칩 리듀스드 팻,170G
아이스크림,아이스노이에 화이트 바닐라향 아이스크림, 
과자,사조해표 팝콘 카라멜맛,80G
아이스크림,쓰리트윈즈 씨솔티드 카라멜아이스크림, 
치즈,퍼시픽 몬트레이 잭 치즈,227G
치즈,서울우유 앙팡치즈 까요까요 딸기,72G
냉동식품,육즙이 풍부한 등심 돈까스,500G
기타간식,풀무원 토이쿠키 냠냠간식만들기, 
사탕,달콤한 큐빅 영양갱,40G
아이스크림,호두마루, 
사탕,모리나가 밀크카라멜,149G
기타간식,오뚜기 라이스브리또 스파이시,375G
김치,아라김치 해양심층수 아라 깍두기,3KG
빵,시금치치아바타, 
우유,이마트,930ML
치즈,덴마크 유기농 짜지않은 아기치즈,170G
기타간식,오울트리 바나나칩,60G
김치,피코크 조선호텔 남도식 김치,1900G
정육_햄,피코크 스모크 라운드 햄,200G
반찬,동광젓갈 웰빙낙지젓매운,180G
과자,토레스 셀렉타 블랙트러플,125G
김치,뽀뽀뜨김치 뽀뽀뜨 맛김치, 
정육_햄,씨제이 더 건강한 그릴비엔나,560G
과자,헤르스 케틀 쿡 포테이토 칩 할라피뇨,170G
치즈,동원 소와나무 스윗크림치즈,270G
정육_햄,늘참 양념 토시살 구이, 
김치,종가집 백김치,1KG
치즈,덴마크 유기농 우리아기치즈 스텝,176G
빵,안흥식품 원조 단호박 찐빵, 
아이스크림,아이스크림 미니컵 화이트피치앤라즈베리, 
반찬,바로먹는 붉은대게 게살게딱지장, 
정육_햄,사조 대림선 빅불고기햄,500G
우유,빙그레 바나나맛 우유,960ML
아이스크림,또로롱 캔디바, 
과자,오리온 스윙칩 볶음 고추장맛,60G
정육_햄,굽네 블랙올리브 수비드 닭가슴살,100G
정육_햄,피코크 칠리 닭가슴살,140G
우유,매일우유 위편한 구트,150ML
사탕,시크릿쥬쥬 엘이디캔디,12G
기타간식,피코크 퐁당쇼콜라피스타치오,200G
빵,삼립 미니꿀약과,500G
소스류,풀무원 정통된장찌개전용, 
소스류,씨제이 다담 매콤떡볶이 양념,140G
아이스크림,칙촉샌드, 
우유,갈아만든 아몬드 우유,730ML
김치,대복 동치미,5KG
반찬,피코크 계란말이참치,150G
빵,캘리포니아 바바리안 크리미 츄러스,390G
정육_햄,투뿔한우불고기,500G
우유,이담 산양유 오리지널,150ML
정육_햄,피코크 쟌슨빌 버팔로 스타일 소시지 위드 치즈,396G
김치,종가집 어린이 한입 깍두기,300G
정육_햄,지숯불구이닭꼬치,400G
김치,제주김치 유산균 맛김치,3KG
빵,이옥래 전통 안흥찐빵 혼합세트, 
빵,안흥식품 원조 흑미쌀 찐빵, 
과자,즉석 오분 뉴룽지,40G
김치,깐깐 송도순 총각김치,3KG
치즈,매일유업 알라슬라이스 모짜렐라,150G
정육_햄,비앤피월드 양념토시살 구이,300G
사탕,가루쿡 해피 키친 도넛 만들기,41G
과자,노브랜드 버터코코넛크래커 270 G, 
소스류,피코크 제대로 맛을내는 안동식 찜닭 양념,280G
치즈,램노스 리코타,250G
기타간식,네니아 오미자로쭈,120ML
소스류,씨제이 다담 매운낙지볶음양념,130G
김치,하늘농산 하늘내린 비건맛김치,350G
냉동식품,노브랜드 한입찰만두,660G
빵,삼립 냉동 잉글리쉬 머핀, 
빵,삼립 신선한 치즈 후레쉬팡,280G
냉동식품,오르가 무항생제 돼지고기와 우리밀로 만든 물만두,670G
빵,단팥빵 근대골목단팥빵 오리지널단팥빵 수제단팥빵, 
우유,매일우유 상하목장 케피어,750ML
우유,전용목장 딸기 멸균우유,190ML
냉동식품,씨제이 비비고 매운왕교자,385G
소스류,동광젓갈 웰빙오징어젓,180G
기타간식,미쉘 골든 사나 바나나칩스,350G
김치,씨제이 비비고파김치,400G
반찬,어리굴젓갈,400G
냉동식품,한만두 달달한 콘치즈 군만두,420G
냉동식품,지브레디드 버터플라이새우,250G
김치,종가집 총각김치,2500G
김치,종가집 포기김치백두,5KG
냉동식품,올반키친우리밀김치손만두,350G
기타간식,삼립 아이스딸기모찌롤,105G
아이스크림,투게더 밀크초콜릿 아이스크림, 
치즈,덴마크 유기농 짜지않은 아기치즈,340G
우유,매일우유 소화가잘되는우유,930ML
우유,이담 산양우유,120ML
김치,깐깐 송도순 백김치,3KG
빵,호두파이,900G
냉동식품,피코크 만두연구소 도토리전병,600G
소스류,나래식품 웰빙낙지젓,300G
우유,덴마크 무항생제인증목장우유 1206, 
냉동식품,김미영햇살손만두 납작고기만두,60G
빵,프랑스 프리미엄 미니 크랜베리 트위스트 냉동생지,30G
빵,월넛파운드 더블세트, 
소스류,속초 두레찬 가자미식해,500G
소스류,피코크 닭볶음탕 양념,250G
김치,테이스티홈 국내산 깍두기,3KG
빵,프랑스 프리미엄 미니 뺑라크림 냉동생지,40G
냉동식품,피코크 만두연구소 물만두,700G
우유,삼양우유 제주우유,1000ML
기타간식,노브랜드 감귤젤리,500G
김치,깐깐 송도순 백김치,5KG
아이스크림,유기농 딸기 아이스크림 474 ML, 
김치,종가집 맛김치,1KG
반찬,피코크 밤 깻잎 무침,130G
냉동식품,씨제이 냉동 비비고 도톰해물완자,795G
정육_햄,진주햄 더블링 콘크림치즈 비엔나,360G
김치,누리원 아삭한 맛김치,10KG
빵,후앙 모닝빵, 
사탕,하리보 골드베렌 젤리 골드베어,980G
빵,프랑스 프리미엄 뺑세레알 파베이크,450G
우유,매일 멸균 우유,200ML
치즈,동원 덴마크 짜지않은치즈 고칼슘비타민,252G
아이스크림,허쉬 쿠키엔크림바, 
정육_햄,안문숙의 무뼈 직화 불닭발,160G
김치,이마트 진한 풍미 포기김치,3500G
반찬,연근조림,180G
김치,딤채식품 건강담은 나박김치,3KG
치즈,동원 고칼슘치즈,270G
아이스크림,불라 크리미 클래식초코칩,2L
과자,치토스 스모키바베큐맛,82G
치즈,덴마크 짜지않은 치즈,252G
정육_햄,김해축협 한돈 엘에이식 양념갈비냉동,700G
김치,올반키친 시원아삭,10KG
정육_햄,동원 오븐통그릴 직화통삼겹,350G
김치,테이스티홈 국내산 묵은지,2KG
과자,미니 프레첼 매콤한비프맛,85G
반찬,쇠고기옛날간장조림,350G
정육_햄,훈제바베큐족발,500G
과자,프링글스 오리지널,134G
빵,진한 초콜릿 파운드 더블세트, 
아이스크림,피코크 젤라또 스트로베리,946ML
사탕,스코 크라운땅콩카라멜,120G
소스류,동광젓갈 웰빙낙지젓매운,180G
우유,남양유업 깔끔한 저지방지티,185ML
사탕,바주카 푸쉬팝,15G
과자,노브랜드 코코아비스킷,300G
정육_햄,롯데 베이컨,120G
반찬,쪽파김치, 
반찬,강원도 전통의 맛 찰수수 부꾸미,800G
기타간식,채식쉐이크, 
냉동식품,대림 빅치킨너겟,1KG
빵,잉글리쉬파운드진한 흑임자 파운드, 
사탕,스코 롯데 아이스브레이커스민트향,42G
기타간식,오리온 오그래놀라바 단호박고구마,120G
냉동식품,모닝하임 김치왕만두,1400G
기타간식,씨제이 쁘띠첼 구미젤리 포도,50G
치즈,덴마크 인포켓치즈 오리지널,320G
기타간식,동서 플랜터스 허니 로스트 피넛,453G
정육_햄,피코크 울트라 빅 치즈 후랑크 소시지,90G
치즈,국내산 수제 두마리목장 요거트,1000ML
빵,원조 단호박 안흥찐빵, 
정육_햄,씨제이 더건강한 통목살스테이크,350G
냉동식품,우리밀로만든 어린이 만두, 
소스류,피코크 속이 꽉찬 명란 젓,120G
냉동식품,해태 고향만두 궁,320G
냉동식품,안흥식품 금바위 감자손만두,1250G
빵,메나쥬리 데니쉬식빵, 
냉동식품,소담김치만두,405G
반찬,포기김치,1900G
김치,종가집 포기김치,4KG
아이스크림,롯데 티코 다크 초코,510ML
반찬,땡큐리포장마차 매콤한 쭈꾸미볶음,540G
과자,농심 포테토칩 콘치즈맛,125G
반찬,대용량 타코와사비,1KG
정육_햄,자연송이 투뿔 한우 불고기,500G
기타간식,저스트 양파칩 오알 살구 코코넛칩, 
과자,피코크 온더보더 나쵸칩 할라피뇨맛,100G
김치,마음심은 배윤자 포기김치,10KG
냉동식품,동원 왕새우만두,315G
빵,팥이 꽉찬 국내산 아이스 찰보리빵,30G
우유,고칼슘 글루코사민우유,185ML
정육_햄,간편하닭 닭가슴살볼 청양고추,100G
아이스크림,하겐다즈 초코렛 촉 아몬드 콘, 
빵,초코크라상, 
냉동식품,동원 개성 왕불고기만두,350G
반찬,광양매화골농원 매실본가 청매실 절임,420G
치즈,램노스 과일치즈 살구아몬드,125G
사탕,크라운 마이쮸 딸기볼,110G
정육_햄,더건강한 통삼겹 스테이크,350G
사탕,스키틀즈 프룻츠향 오리지날,100G
기타간식,크런치넛 에너지바,30G
냉동식품,피코크 한입등심돈까스,400G
반찬,된장깻잎지,150G
냉동식품,풀무원 사천식매콤 호떡만두,600G
빵,단독구성 할매안흥찐빵, 
정육_햄,닭가슴살 소시지 핫바 혼합,70G
냉동식품,그릴스시,240G
기타간식,씨제이 맥스봉크림치즈콘,825G
빵,마스카포네와 크림 치즈가 어우러진 정통 수제 치즈케익 치즈트랩 더블프로마쥬 치즈케익, 
아이스크림,유니레버 스웨디시 글라스 라즈베리,750ML
사탕,유가 카라멜,35KG
정육_햄,부대찌개,500G
김치,씨제이 비비고 열무김치,900G
치즈,큐브치즈래핑카우 벨큐브 치즈 플레인,250G
냉동식품,올반 육즙가득짬뽕군만두,315G
정육_햄,노브랜드 빅그릴프랑크,550G
사탕,오리온 비틀즈,141G
사탕,가그린 쿨키스 캔디, 
반찬,피코크 크로크무슈,280G
반찬,피코크 오징어 볶음 양념,140G
우유,남양 맛있는 우유 지티,900ML
과자,피코크 초코프레첼,80G
우유,서울우유,2300ML
과자,블랙푸드 제주담은 김부각,35G
기타간식,씨제이 쁘띠첼 바나나푸딩,90G
사탕,달콤한 영양갱,40G
사탕,네슬레 널즈 딸기앤포도 미니캔디,1380G
소스류,권기옥명인 한우볶음고추장,500G
과자,노브랜드 부드러운계란과자,250G
빵,슈크림몽땅, 
우유,매일우유 상하목장 유기농 드링킹요거트,750ML
소스류,다담청국장찌개,530G
정육_햄,김해축협 갈비 양념육, 
김치,뽀뽀뜨김치 뽀뽀뜨 볶음김치, 
치즈,매일 상하 리코타치즈,200G
사탕,리콜라 오리지날 허브캔디,40G
사탕,피코크 호박 엿,310G
정육_햄,김해축협 한돈엘에이식양념갈비냉장,700G
냉동식품,찹쌀 왕만두피,300G
냉동식품,해태 찹쌀 만두피,260G
과자,빙그레 야채타임,70G
빵,단호박안흥찐빵, 
냉동식품,풀무원 얇은피꽉찬속 김치만두,400G
빵,큐원 분말한천,30G
사탕,위니비니엑스스누피 썸머스위츠장미모양구미, 
정육_햄,달구벌 즉석돼지막창,300G
빵,피코크 레드벨벳케익,150G
냉동식품,하림 용가리치킨,450G
사탕,우림 박하향 캔디실속형,15KG
기타간식,씨제이 맛밤,42G
김치,씨제이 비비고 깍두기,500G
아이스크림,하겐다즈 바닐라카라멜아몬드초콜릿초코아몬드 미니바,40ML
정육_햄,라퀴진 롱에센뽀득,145G
정육_햄,야채제육, 
냉동식품,해태 사오롱만두,180G
반찬,명이나물,160G
우유,덴마크 무항생제 인증목장우유,120ML
과자,피코크 서울스낵 찹쌀과자 떡볶이맛,100G
기타간식,파스키에,154G
반찬,피코크 피콕반점 유산슬,660G
과자,자주 달콤함그대로고구마칩, 
빵,파스키에 브리오슈 트레쎄,500G
우유,매일 초코 멸균우유,200ML
소스류,상촌 된장,900G
치즈,밀라 마스카포네,250G
김치,피코크 특제육수 조선호텔 포기김치,1KG
냉동식품,삼색새우 하카우딤섬,300G
빵,프랑스 프리미엄 초콜릿헤이즐넛 크로와상 냉동생지,90G
아이스크림,찰옥수수 아이스크림, 
사탕,피코크 진홍삼 캔디,460G
우유,비락 마시는 한끼 세트, 
아이스크림,하겐다즈 바닐라 캐러멜 아몬드 멀티바,240ML
사탕,가루쿡 해피 키친 도시락 만들기,29G
냉동식품,슈퍼크런치 치킨텐더,440G
우유,남양 맛있는 우유 지티 아인슈타인,900ML
정육_햄,피코크 탄두리 닭 가슴살,140G
반찬,새싹보리 고추장굴비,100G
정육_햄,굽네 닭가슴살 만두,180G
김치,더반찬 볶음김치,300G
사탕,엠바레 코코아밀크캐러멜,720G
우유,매일유업 바나나는 하얗다 멀티,235ML
반찬,씨제이 고메 콰트로치즈콘수프,5448G
사탕,검은깨맛 박하향사탕 대용량사탕,35KG
기타간식,씨제이 쁘띠첼 트리플치즈케익,305G
김치,우리존 열우물 열무물김치,2700G
빵,미니 찰 식빵,330G
정육_햄,피코크 스모크 슬라이스 햄,100G
우유,덴마크 뮤닝,150G
기타간식,파스키에 브리오슈 트레쎄,500G
정육_햄,오스카마이어 저염베이컨,453G
아이스크림,요거트감귤 샌드웨이퍼,9G
아이스크림,빙그레 빵또아,180ML
김치,씨제이제일제당 비비고 포기배추김치,900G
정육_햄,대구 풍미막창 자숙,350G
아이스크림,해태 리틀텐,350ML
우유,덴마크 귀리오알사탕수수우유,220ML
빵,생크림카스테라 화이트,150G
소스류,씨제이 다담 청국장찌개 양념,130G
과자,농심 새우깡,90G
과자,피코크 스윗 솔트 팝콘 스낵,140G
냉동식품,팝콘치킨,200G
사탕,멘토스 미니 푸르티,150G
냉동식품,피코크 만두 연구소 생 돈육 왕만두,350G
사탕,멘토스 미니 봉지 푸르티,810G
사탕,히츨러 유에프오 우주캔디,75G
정육_햄,호주산 양념소 부채살구이,600G
정육_햄,닭가슴살 스테이크 오리지날,100G
과자,인디안밥,83G
반찬,두메산나물비빔밥재료, 
사탕,스키틀즈 버라이어티팩,199KG
치즈,몽블랑 에멘탈 큐브,100G
정육_햄,닭가슴살 소시지 후랑크맛,100G
빵,할매안흥찐빵, 
정육_햄,씨제이 더건강한 브런치 후랑크 오리지널,260G
소스류,토굴숙성 광천새우젓,150G
우유,아인슈타인,185ML
빵,프랑스 프리미엄 뺑바타르 파베이크,330G
김치,깐깐 송도순 포기김치,3KG
반찬,종가집 국산 고들빼기,150G
우유,매일 아몬드브리즈 초코,190ML
우유,덴마크 대니쉬 더건강한 저지방우유,900ML
김치,명가일품 한입에 반한 싱싱 특겉절이,3KG
기타간식,씨제이 쁘띠첼 스윗푸딩 뉴욕치즈,95G
과자,포테토칩 육개장사발면맛,125G
빵,메스테마허 미니 피트니스 브레드, 
빵,삼립 냉동 하드롤 바게뜨롤, 
김치,테이스티홈 당일제조 국내산 포기김치,2KG
사탕,엠바레 밀크캐러멜,720G
사탕,후룻바이더풋, 
소스류,한성 토굴숙성 광천 새우젓,250G
소스류,동광젓갈 순명란젓송송,100G
반찬,씨제이 하선정 먹기좋게자른 오이지,210G
치즈,엘프 살구 앤 아몬드 과일치즈,125G
반찬,피코크 생 깻잎 무침,130G
과자,맛동산,300G
정육_햄,어메이징 훈제치킨,500G
소스류,피코크 제대로 맛을 내는 오징어 볶음 양념,140G
김치,뽀뽀뜨김치 뽀뽀뜨 깍두기, 
소스류,동광젓갈 비빔오징어젓,180G
빵,삼립 더고소한옥수수모닝롤,378G
빵,속이알찬 미니 팥빵,210G
김치,종가집 포기김치,2300G
치즈,시 모짜렐라 피자치즈,1KG
김치,피코크 조선호텔 포기 김치,2500G
소스류,명태회무침,200G
빵,삼립 냉동 화이트 치아바타, 
빵,후앙 초코크림빵, 
빵,삼립 옥수수꿀호떡,342G
빵,삼립 옛날 꿀호떡9, 
기타간식,씨알로 콘요구르트바,25G
사탕,피코크 무설탕 애플 캔디,40G
정육_햄,피코크 제주 흑돈 양념 불고기,300G
정육_햄,목우촌 프라임 프랑크소시지,250G
우유,매일 우유 저지방,900ML
소스류,전통 강경맛깔젓 새우육젓,500G
기타간식,호박 영양찰떡,55G
사탕,리콜라 무설탕 레몬민트 허브캔디,40G
반찬,깐 간장새우장,1KG
빵,럭키 초코 크레이프 케이크, 
반찬,피코크 콩자반조림,130G
우유,온리 쓱 연세 바나나우유,190ML
아이스크림,나뚜루 피치요거트,474ML
냉동식품,피코크 만두 연구소 바삭 촉촉 군만두,400G
사탕,빅베이비팝,32G
치즈,덴마크 인포켓 치즈,480G
치즈,국산 스트링 치즈,144G
정육_햄,양념 소불고기,600G
정육_햄,피코크 그릴드 훈제 닭가슴살,140G
사탕,츄파춥스 카카오프렌즈 서프라이즈,12G
정육_햄,돼지껍데기,500G
사탕,이마트 미니캔디,800G
정육_햄,다향 촉촉닭가슴살,600G
기타간식,단백질바, 
과자,치토스 매콤달콤한맛,82G
우유,남양 멸균 아인슈타인 베이비,190ML
빵,네니아플러스 네니아우리밀통팥찐빵,400G
정육_햄,진주햄 담백하고 고소한 홈소세지,500G
치즈,끼리 크림치즈 오리지널,200G
냉동식품,이마트 찰진동그랑땡,400G
아이스크림,하겐다스 피넛버터 크런치 아이스크림,473ML
빵,월넛파운드진한 블루베리 파운드, 
아이스크림,더 엑설런트 오리지널,800ML
우유,매일 딸기 멸균우유,200ML
냉동식품,피코크 달콤닭강정,200G
냉동식품,씨제이 비비고 왕교자,560G
우유,남양 초코에몽,180ML
과자,오리온 치킨팝 닭강정맛,81G
사탕,리콜라 선물패키지,40G
치즈,파예 그릭 요거트,170G
과자,씨제이 맥스칩 리얼포테이토,50G
정육_햄,클라식소시지 영국식 수제 생소세지,500G
반찬,피코크 마늘 피클,300G
치즈,웨스트랜드 고다슬라이스,150G
사탕,스코 롯데아이스브레이커스 워터멜론,42G
과자,노브랜드 피넛크런치쿠키 175 G, 
우유,매일우유 상하목장우유 저지방,180ML
김치,종가집 썰어담은맛김치페트,300G
김치,명가일품 한입에 반한 오이소박이,500G
우유,삼양 대관령목장 유기농우유,750ML
김치,마음심은 이종임 포기김치,2KG
소스류,맥양념청국장,160G
빵,삼립 화이트슈 까망쿠키크럼블왕슈,27G
김치,피코크 조선호텔 맛 김치,80G
소스류,속초 두레찬 국내산 오징어젓갈,500G
사탕,롤리팝 아이스,165G
소스류,한성 명란젓갈창란젓갈오징어젓갈 기획상품,270G
아이스크림,풀무원 컵 아이스,120G
정육_햄,부촌푸드 국내산 냉장 간장 돼지불고기,500G
아이스크림,유기농 녹차 아이스크림 474 ML, 
정육_햄,노브랜드 빅그릴비엔나,400G
김치,씨제이제일제당 비비고 백김치,500G
과자,명인이 만든 감자칩,25G
과자,도리토스 갈비천왕치킨맛,172G
아이스크림,돼지바 아이스크림, 
아이스크림,또로롱 비비빅, 
빵,뉴크리스피쿠키세트, 
소스류,안동낫또 명절선물셋트검은콩낫또, 
빵,소프트제리롤진한 블루베리 파운드, 
우유,매일 오리지널,900ML
정육_햄,피코크 바베큐그릴비엔나,370G
정육_햄,굽네 치팸 클래식, 
과자,노브랜드 바삭한 갈릭새우칩,193G
정육_햄,피코크 쟌슨빌 할라피뇨 소시지 위드 치즈,396G
치즈,이마트가 직접 수입한 밸리 팜 크랜베리오랜지 치즈,125G
정육_햄,씨제이 맥스봉 치즈후랑크,70G
정육_햄,피코크 치즈 따봉 소시지,280G
우유,상하목장 유기농 우유,200ML
정육_햄,씨제이 맥스봉 마늘핫바,90G
과자,생생감자칩 오리지날,60G
과자,프로퍼 크립스 말보로 시솔트 감자칩,40G
소스류,순두부찌개 기획,140G
우유,덴마크 산양우유,750ML
소스류,가나 다진마늘,450G
과자,씨제이 맥스칩 러블리스윗펌킨,30G
사탕,유나이티드 캔디 커피,140G
냉동식품,대림선 왕교자,910G
과자,피코크 서울스낵 두부과자 야채맛,80G
반찬,꽈리고추멸치볶음,130G
김치,종가집 오래오래 맛있는 총각김치,1800G
기타간식,노브랜드 오렌지 쇼콜라 케익,600G
소스류,명란젓갈,180G
사탕,땅콩카라멜,324G
냉동식품,동원 얇은피 고기만두,400G
냉동식품,올반 명란군만두,630G
기타간식,검은깨 수제강정,600G
소스류,씨제이다담 양념듬뿍쌈장,570G
냉동식품,굽네 닭가슴살 교자만두,490G
사탕,캬라멜 팥,149G
정육_햄,흑미 함박스테이크,200G
정육_햄,굽네 닭가슴살 후랑크 할라피노,120G
과자,씨제이 맛 고구마,180G
빵,겹겹이 구뭐낸 플레인 바움쿠헨 조각케익,150G
정육_햄,진한 궁중 삼계탕,1KG
빵,아이스 찰보리빵,32G
반찬,광양매화골농원 매실본가 청매실 고추장 장아찌,420G
우유,매일우유 소화가잘되는우유 저지방,930ML
아이스크림,또로롱 부라보콘 초코청크, 
정육_햄,굽네 핫 닭발,350G
빵,프랑스 프리미엄 솔티드버터캐러멜 머핀 냉동빵,95G
과자,해태 오사쯔 고구마,129G
과자,오리온 치킨팝 닭강정맛,162G
우유,오트밸리 오트밀크 귀리우유,1000ML
반찬,씨제이 고메 야끼소바,412G
치즈,빈센트,200G
치즈,알펜하인 셀렉트 까망베르 치즈,125G
정육_햄,제이엠푸드 제주흑돼지 고추장 불고기,300G
소스류,씨제이 다담 양념, 
반찬,종가집 메추리알 장조림,250G
기타간식,베누 양송이 크림스프,320G
빵,프랑스 프리미엄 스틱네이쳐 파베이크,40G
과자,오리온 왕고래밥,56G
사탕,타노시이 라멘야상 라면만들기,25G
냉동식품,피코크 고기 동그랑땡,700G
정육_햄,닭가슴살 소시지 핫바 불갈비맛,70G
정육_햄,노브랜드 한입쏙쏙비엔나,550G
반찬,건가지튀김강정,120G
빵,큐원 분당,110G
우유,옳은 유기농,750ML
아이스크림,매그넘 미니,55ML
기타간식,삼립 달콤한 화이트슈,150G
빵,달콤한 도라야끼, 
소스류,제주하루미 꽃멸치젓갈제주 멜젓,200G
냉동식품,동원 개성군만두잡채,400G
아이스크림,시모나 꿀호떡 아이스크림, 
기타간식,삼양 짱구,115G
기타간식,초록마을 프리미엄굴소스,290ML
반찬,소시지야채볶음냉장,200G
사탕,오리온 통아몬드,90G
아이스크림,하겐다즈 딸기,473ML
기타간식,베누 포테이토 크림스프, 
과자,자주 고소한 우리쌀 누룽지, 
기타간식,피코크 사과 그대로,18G
김치,씨제이 비비고 썰은배추김치,60G
김치,제주김치 유산균 맛김치,5KG
우유,남양 맛있는우유지티,500ML
사탕,스코 이클립스 스트로베리,31G
기타간식,피셔 허니 로스티드 피넛,140G
우유,서울우유 밀크랩 고단백저지방우유,900ML
사탕,농심 멘토스 프루츠,810G
빵,미니 소보로,375G
정육_햄,부촌푸드 유황 생 통오리 한마리,2KG
과자,노브랜드 자색 고구마 칩 스낵,110G
냉동식품,피코크 취영루 촉촉한물만두,700G
치즈,스모크 내츄럴,200G
빵,당근크림치즈 샌드케익,45G
사탕,포지타노 레몬맛 캔디, 
냉동식품,모닝하임 잡채해물완자,1000G
소스류,동광 비빔날치알,200G
우유,노브랜드 굿밀크 저지방 우유,1L
냉동식품,씨제이 비비고 한섬만두,384G
과자,노브랜드 건빵,245G
빵,프랑스 미니베이네 플레인 냉동빵,19G
반찬,푹고은 육개장,400G
사탕,청포도캔디,893G
빵,삼립 정통 크림빵3, 
치즈,동원소와나무 슬라이스치즈,135KG
우유,매일우유 매일 바이오 플레인 저지방,450G
기타간식,리얼프렌치 크로크무슈 오리지널,130G
기타간식,캘리포니아 바바리안 크리미 츄러스,390G
정육_햄,달구벌 즉석소대창,400G
아이스크림,팥빙수,250ML
기타간식,나가사키 카스텔라 그린티,270G
빵,호두타르트, 
김치,춘향골 김치보감 포기김치,4KG
기타간식,오리온 닥터유 에너지바,160G
사탕,에스프레조 캔디,150G
치즈,체다 슬라이스 치즈,600G
아이스크림,빙그레 메로나,75ML
기타간식,피코크 아보카도 퓨레,200G
사탕,소프트 캬라멜,4KG
기타간식,닥터 오트커 양송이피자, 
정육_햄,냉동 숯불왕닭꼬치,500G
반찬,피코크 전통 인도식 커리 비프 코르마,190G
빵,서울식품 미니 딸기잼파이,23G
기타간식,켈로그 팝타르트 쿠키앤크림,400G
기타간식,맛있는꽁치,400G
기타간식,피코크 생초콜릿 다크,37G
치즈,퀵밀크 매직스트로우 밀크팩 딸기향,78G
치즈,페이장 브르통 까망베르치즈,375G
김치,풀무원 톡톡 씨앗 유산균 전라도 포기김치,10KG
과자,노브랜드 슈가크래커 270 G, 
정육_햄,씨제이 더건강한그릴비엔나치즈,330G
냉동식품,부산 전통의 맛 그대로 완당,692G
사탕,종합 카라멜,35KG
정육_햄,부촌푸드 국내산 냉동 고추장닭갈비,500G
정육_햄,굽네 슬림포켓 닭가슴살 스틱 소시지,45G
빵,안흥식품 고소한 할매찹쌀 호떡,1500G
반찬,피코크 명란 한스푼,130G
소스류,낙지젓갈,230G
과자,뻥이요,302G
빵,프랑스 프리미엄 커브 크로와상 냉동생지,70G
빵,삼립 샤니 생크림 파운드 미니,360G
냉동식품,노브랜드 한입 동그랑 땡,700G
우유,일동 후디스 초유플러스 우유 기획팩,930ML
아이스크림,피코크 퓨어 아이스 각얼음,1KG
과자,농심 감자군것질 바베큐맛,70G
아이스크림,하겐다즈 스트로베리 멀티바,240ML
치즈,모짜렐라 로그슬라이스,226G
정육_햄,냉동스모크베다체다 소시지, 
과자,조청유과,96G
사탕,투시팝 미니어쳐,1020G
기타간식,세가지 수제강정,600G
우유,내추럴초이스 아밀키 어나더밀크 아몬드 카페라떼,500ML
반찬,고추장모듬국산마늘장아찌,150G
정육_햄,앵거스박 양념엘에이갈비,400G
기타간식,피코크 과일 그래놀라,380G
김치,춘향골 김치보감 깍두기,2KG
빵,독일 통곡물 통호밀빵 선플라워씨드, 
우유,전용목장 저지방 우유,190ML
정육_햄,부촌푸드 국내산 냉장 고추장 돼지불고기,500G
기타간식,돌 워터젤리파인애플,130ML
정육_햄,어메이징 훈제삼겹,500G
빵,프랑스 프리미엄 까레루스띠끄 파베이크,40G
냉동식품,개성 왕만두,18KG
과자,노브랜드 초코파이찰떡,301G
치즈,벨조이오오소 리코타 치즈,453G
과자,크라운 츄러스,174G
사탕,시크릿쥬쥬 엘이디매직캔디,12G
사탕,땅콩알사탕,4KG
냉동식품,씨제이 고메매쉬드포테이토함박스테이크,520G
사탕,스코 오리온 바이오생과즙,99G
소스류,하선정알마늘,380G
아이스크림,또로롱 슈퍼콘 초코, 
과자,오리온 눈을 감자,113G
사탕,자연색소 막대사탕, 
과자,피코크 솜절미,40G
치즈,래핑카우 체다,128G
치즈,강훈목장 구워먹는 그릴치즈,150G
냉동식품,풀무원탱글새우물만두,270G
아이스크림,끌레도르 프리미엄아이스크림아이스크림 세트, 
아이스크림,젤라티보 레드빈,1L
기타간식,화과방 우리쌀로 만든 라이스케이크,50G
기타간식,아이스 군고구마,800G
냉동식품,동원 개성 왕쭈꾸미 만두,380G
우유,대학두유,190ML
반찬,아산 맛집 쭈꾸뿅 쭈꾸미 뿅맛 제일매운맛,650G
김치,종가집 어린이 한입 배추김치,300G
정육_햄,킹즈 수제 왕소시지, 
김치,종가집 오래오래맛있는 총각김치,1KG
정육_햄,청정원 집으로온 렌지온 매콤제육볶음,200G
과자,자갈치,90G
반찬,대림선 간장마늘쫑,150G
정육_햄,케이미트 쇠고기육포,170G
기타간식,맛밤,240G
빵,수제 전주 보리 초코파이,70G
사탕,롤리팝 아이스츄잉,63G
정육_햄,씨제이 더건강한 그릴비엔나,240G
치즈,퀘소 만체고,100G
우유,파스퇴르 엘비,700ML
과자,오리온 고래밥 볶음 양념,160G
냉동식품,피코크 고기 동그랑땡,385G
아이스크림,위즐 커피 초코 퍼지 아이스크림,660ML
김치,종가집 볶음김치 투어세트,100G
치즈,끼리 포션 플레인,108G
정육_햄,굽네 포차 직화구이 무뼈닭발,150G
사탕,이마트 스틱캔디,500G
반찬,바다먹자 국내산 간장돌게장,25KG
아이스크림,불라 리얼 데어리 아이스크림 초코,2L
치즈,캘리포니아 뮌스터 슬라이스 치즈,226G
아이스크림,생얼음,1KG
김치,피코크 조선호텔 볶음 김치,800G
우유,매일우유 멸균 오리지널,200ML
치즈,매일 알라 크림치즈 플레인,150G
아이스크림,투게더 시그니처 아이스크림 그린티라떼,110ML
정육_햄,마포서서갈비양념 엘에이갈비구이,230G
반찬,꼬막무침, 
치즈,동원 우유담아 내몸이 건강한 체다치즈,396G
반찬,더반찬 삼색나물, 
아이스크림,하겐다즈 스트로베리 아이스크림 미니컵,100ML
우유,뉴트로 비락우유 클래식,200ML
냉동식품,풀무원 얇은피꽉찬속 고기만두,400G
아이스크림,스노우밸리 생얼음,3KG
사탕,크라운 포켓몬볼 피규어,12G
반찬,마파두부덮밥소스,350G
우유,매일 소화가 잘되는 멸균우유,190ML
사탕,포스 오리온 밀크카라멜 콜드브루라떼맛,63G
우유,빙그레 바나나맛우유라이트딸기맛우유,240ML
정육_햄,씨제이 맥스봉 갈릭후랑크,90G
치즈,매일 상하치즈 뼈로가는 칼슘치즈,270G
정육_햄,정통 독일식 닭가슴살 소시지 프랑크 오리지널,120G
빵,국내산 팥으로 만든 안흥흑미찐빵, 
사탕,츄파춥스 전용 케이스증정츄파춥스 슬림휠, 
우유,프로바이오틱,150ML
우유,네슬 네스퀵 초콜릿맛 드링크,720ML
사탕,크라운 비단박하,400G
반찬,동광젓갈 웰빙오징어젓매운,180G
빵,나폴레옹 고방카스테라, 
냉동식품,창화당 납작김치왕군만두, 
과자,포스틱,84G
과자,쌀새우깡,80G
치즈,렛츠 세이 크림치즈 스프레드,226G
정육_햄,쫀득한 부안 수제 뽕 편육,260G
기타간식,씨제이 맛고구마,180G
빵,삼립 요요 꿀호떡,400G
냉동식품,노브랜드 통안심치킨텐더,550G
우유,파스퇴르 저지방 우유,200ML
김치,더김치 배추물김치,4KG
아이스크림,모히또바 아이스크림, 
사탕,헬로키티 엘이디 캔디,8G
과자,미니 프레첼 볶음양념맛,85G
소스류,맥된장,800G
기타간식,그래놀라 오트 뮤즐리 통곡물 시리얼 모음, 
정육_햄,피코크 레몬 닭가슴살,140G
반찬,직접갈은녹두전, 
소스류,동광젓갈 새우젓,180G
정육_햄,지프리모 핫스패니쉬살라미,250G
냉동식품,풀무원 새우듬뿍만두,300G
반찬,고추장멸치볶음,90G
빵,삼립 냉동 정통와플 플레인미니, 
소스류,씨제이다진마늘,260G
아이스크림,허쉬 젤리벨리 포도 아이스바, 
반찬,더반찬 명태회무침,200G
빵,국내산 팥으로 만든 안흥찐빵, 
기타간식,해남 달콤한자연 고구마말랭이,80G
김치,마음심은 이종임 동치미,3KG
김치,깐깐 송도순 열무물김치,3KG
아이스크림,하겐다즈 초콜릿,473ML
빵,마드레느셀레브르쿠키젤리롤, 
치즈,매일 상하치즈 맛있는 비타치즈 딸기,96G
빵,서울식품 미니고구마파이,23G
정육_햄,퀴진 더블 스테이크,160G
아이스크림,아이스캔디 아이스크림 골라담기, 
기타간식,피코크 파인애플 그대로,12G
김치,마음심은 이종임 나박김치,5KG
치즈,상하치즈 고다 슬라이스,180G
사탕,애니타임 밀크민트,185G
빵,삼립 한아름 땅콩소보루,375G
과자,해태 맛동산,304G
빵,월넛파운드진한 흑임자 파운드, 
김치,이씨네김치 전통이 살아숨쉬는 묵은지,10KG
반찬,어묵국물쌀떡볶이,200G
우유,내추럴초이스 아밀키 어나더밀크 아몬드 오리지널,500ML
반찬,일미초절임무,350G
아이스크림,본젤라또마카롱초코바닐라, 
우유,프로바이오틱청사과,150ML
정육_햄,삼원가든 엘에이식 양념갈비구이,600G
치즈,이마트 진심을 담은 칼슘 가득 고칼슘 치즈,360G
정육_햄,씨제이 백설 그릴후랑크,240G
냉동식품,피코크 김치 왕 만두,140G
우유,무항생제 바른목장 딸기우유,125ML
김치,종가집 백김치,500G
정육_햄,부촌푸드 국내산 냉장 고추장 삼겹살구이,500G
아이스크림,롯데제과 설레임 밀크 쉐이크,800ML
치즈,임실 구워먹는치즈,280G
아이스크림,롯데삼강 빠삐코,130ML
기타간식,풀무원 아임리얼 떠먹는 파인애플,130G
우유,매일우유 상하목장우유,180ML
김치,비비고 김치볶음,80G
아이스크림,유기농 아이스크림 코코아 474 ML, 
소스류,동광 어리굴젓,500G
우유,노브랜드 굿밀크 우유,1L
아이스크림,나뚜루 그린티스트롱 파인트,474ML
치즈,소와나무 이태리안피자치즈,800G
냉동식품,한입가득 피자군만두,300G
반찬,피코크 시저 치킨 샐러드,200G
우유,아몬드브리즈 오리지널언스위트바나나초코,24950ML
아이스크림,하겐다즈 바닐라,473ML
기타간식,오뚜기 멕시칸 라이스브리또 불고기,375G
냉동식품,찹쌀 왕만두피,340G
냉동식품,꼬마돈까스,450G
김치,씨제이프레시웨이 이츠웰 포기김치,10KG
반찬,매운돼지갈비찜,1KG
반찬,검은콩조림,100G
김치,씨제이제일제당 비비고 열무김치,900G
냉동식품,양념 등심 돈까스,600G
정육_햄,맛의 수작 우수작 광양식 소불고기,400G
치즈,수제 리코타 치즈, 
치즈,수제 블루베리 크림치즈, 
냉동식품,풀무원 평양 왕만두,490G
아이스크림,롯데푸드 구구콘 아이스크림,800ML
반찬,피코크 순희네 녹두 빈대 떡,400G
과자,삼양 사또밥,85G
빵,쁘띠 땅콩샌드,170G
아이스크림,노브랜드 녹차아이스크림,600ML
냉동식품,동원 조이락 동그랑땡,1KG
반찬,코다와리이자카야플러스,368G
소스류,신안 프리미엄특등급새우젓추젓,500G
정육_햄,통크게 썰어넣은 후랑크 어니언,260G
과자,크라운 신짱,294G
반찬,진짜 밥도둑 영광 법성포 고추장굴비,100G
과자,자주 우리밀 두부스낵,50G
사탕,투시팝 미니어쳐,200G
소스류,일본전통 시가야낫또,50G
치즈,매일 상하치즈 체다 슬라이스,400G
정육_햄,씨제이 빅후랑크숯불갈비맛,90G
사탕,포스 마이쮸복숭아,132G
과자,빈필즈 빈앤라이스칩 바베큐,156G
사탕,화과방 맛있는양갱,35G
과자,사조해표 팝콘 오리지날,90G
아이스크림,또로롱 구구콘, 
기타간식,켈로그 팝타르트 스모어,416G
정육_햄,동원냉장냉동 대림 휠터치소르튀긴새참바,70G
정육_햄,진주햄 천하장사 더블링콰트로,250G
냉동식품,대림 포자찐만두,180G
기타간식,씨제이 쁘띠첼 요거젤리 화이트코코,90G
우유,후레쉬 밀크 기획,1800ML
사탕,종합캔디,4KG
정육_햄,닭가슴살 큐브 현미큐브야채큐브, 
과자,포테이토 크리스프 사워크림향,15G
냉동식품,생가득 육즙듬뿍만두,400G
사탕,벨기에 커피맛 캔디,1500G
반찬,미역줄기볶음,250G
반찬,미각열전 울릉도명이절임,250G
빵,프랑스 프리미엄 초코칩 데코 머핀 냉동빵,75G
치즈,소와나무 체다치즈클래식,204G
빵,프랑스 프리미엄 크로와상 냉동생지,60G
사탕,오션젤리,66G
아이스크림,나뚜루 멀티바 녹차 초콜릿바,90ML
기타간식,피코크 반건조 호박 군고구마,200G
치즈,벨큐브 플레인 치즈,78G
정육_햄,닭가슴살 육포, 
빵,하니카스테라 소프트제리롤, 
반찬,피코크 수미 감자 전,420G
소스류,속초 선호 새우젓갈,1KG
냉동식품,프리미엄해물경단,540G
정육_햄,베다체다 롤베이크, 
반찬,이우철의 차돌 부대찌개,700G
기타간식,포스트 골든그래놀라밀크바,108G
기타간식,네이처밸리 딜상품, 
냉동식품,두툼 떡갈비,520G
소스류,씨제이 다담 매콤 떡볶이양념,140G
아이스크림,깐도리 아이스크림, 
소스류,국산콩 생나또,48G
아이스크림,프렌치아포가또 아이스크림,474ML
김치,씨제이제일제당 비비고 썰은 배추김치,900G
아이스크림,하겐다즈 쿠키 앤 크림 멀티바, 
소스류,피코크 돼지갈비찜 양념소스,500G
치즈,치즈헤드 모짜렐라 스트링 치즈,680G
우유,연세 마카다미아초코우유,190ML
정육_햄,진주햄 천하장사 더블링콘스윗,400G
과자,골든벨통상 원 포테이토 투 양파맛,142G
우유,매일유업 상하목장 슬로우 밀크,930ML
빵,흑미식빵, 
우유,서울 딸기우유,200ML
치즈,수제치즈 선물세트, 
기타간식,초록마을 메추리알조림,35G
치즈,서울우유 앙팡치즈 까요까요 초콜릿,78G
우유,빙그레 바나나맛 우유 라이트,960ML
정육_햄,해드림 야채순대,1KG
냉동식품,지코코넛 버터플라이새우,250G
빵,밤식빵, 
아이스크림,쿠앤크바 아이스크림, 
기타간식,피코크 김유조 안동 냉동 수정과 음료,460ML
사탕,스코 바이오생우유캔디,99G
치즈,남양 핑거스트링 치즈,200G
기타간식,켈로그 팝타르트 딸기,416G
과자,리얼 카사바칩 오리지날,2400G
빵,기린 아이러브 토스트,750G
김치,테이스티홈 국내산 묵은지,3KG
김치,피코크 조선호텔 맛김치,400G
우유,비락우유신선배송키트 가족형, 
빵,국내산 팥으로 만든 안흥쌀찐빵, 
빵,생미쉘 마들렝,250G
우유,슈퍼밀크,180ML
빵,큐원 화이트 컴파운드 버튼,150G
우유,서울우유,1800ML
정육_햄,전철우 블랙앵거스 엘에이갈비,500G
사탕,헬로키티 스티커 스탬프 캔디,6G
치즈,벨큐브 스낵믹스 치즈,125G
과자,감자칩버터갈릭맛,120G
기타간식,농심 나토리 우마이카,41G
기타간식,초록마을 훈제오리슬라이스,350G
기타간식,저스트 살구 오알 무화과, 
치즈,수제 할로우미 치즈, 
반찬,어메이징 닭칼국수 세트, 
빵,서울식품 데니쉬페스츄리,70G
빵,메나쥬리 에이피정통크로와상, 
우유,연세 멸균바나나우유,200ML
과자,티카 칩스 파타고니아,212G
아이스크림,허쉬 크리스피샌드위치, 
사탕,복분자 젤리,4KG
냉동식품,대림 사조안심 곡물텐더,300G
과자,농심 벌집핏자,83G
치즈,소와나무 슬라이스 치즈,18KG
냉동식품,한입가득 버섯물만두,306G
우유,국내산 토종콩 콩물두유,180ML
과자,욤카 전자렌지용 유기농팝콘솔티드,270G
아이스크림,멀티컵 아이스크림,100ML
우유,파스퇴르 후레쉬 우유,1800ML
우유,상하목장 유기농 우유,125ML
냉동식품,피코크 조선호텔 볶음 김치,100G
소스류,다담냉이된장찌개기획,140G
사탕,바이오 종합 캬라멜,820G
냉동식품,대림 흰살생선까스,600G
우유,작센우유 멸균우유 유지방,1000ML
냉동식품,고향 불낙교자,315G
빵,삼립 뉴욕치즈케익, 
빵,프랑스 프리미엄 바게트 깜빠뉴 파베이크,280G
정육_햄,김해축협 한우언양식양념불고기냉장,300G
소스류,속초 선호 명태회무침,500G
소스류,다담 바지락 순두부 기획,140G
과자,오리온 눈을감자 와사비맛,113G
냉동식품,취영루 물만두,350G
치즈,비이 체프 파마산 치즈 블랜드,300G
반찬,메추리알간장조림,300G
치즈,크레모나 그라나파다노,200G
빵,삼립식품 냉동 꼬마호빵 단팥, 
빵,진한 블루베리 파운드 흑임자, 
과자,오리온 상어밥 매콤한맛,160G
과자,노브랜드 담백한 통 감자 스틱 스낵,155G
반찬,피코크 동태전,300G
김치,피코크 조선호텔 썰은 포기 김치,1900G
김치,마음심은 이종임 포기김치,5KG
기타간식,쌀눈쌀로만든유기농쌀가루고운입자,18G
기타간식,스위트크림치즈프렛즐,396G
기타간식,내추럴초이스 푸드스토리,25G
빵,브레드샵 피터스 어니언 베이글, 
치즈,벨큐브 플레인,125G
기타간식,씨제이 쁘띠첼 요거젤리 딸기,90G
사탕,가루쿡 해피 키친 햄버거 만들기,22G
기타간식,후룻볼 복숭아,113G
아이스크림,나뚜루 초코,474ML
우유,남양 맛있는우유,200ML
빵,삼립 냉동 브라운 브레드,60G
냉동식품,동원 얇은피 김치만두,400G
소스류,우리콩 맛있는 안동낫또 생청국장 백태흑태 구성별 모음나또낫토선물세트, 
치즈,마담로익 크림치즈,300G
우유,파스퇴르 저지방 우유,18L
우유,서울우유 전통맷돌방식의 국내산 나약콩,190ML
빵,삼립 참참만쥬,320G
기타간식,피코크 파베 초콜릿 다크,130G
반찬,피코크 쇠고기 장조림,130G
아이스크림,하겐다즈 피넛 버터 솔티드 미니바, 
정육_햄,마포서서갈비양념 소살치살구이,230G
기타간식,피코크 생 초콜릿 녹차,37G
빵,소프트제리롤 잉글리쉬파운드, 
기타간식,리얼 크로크무슈 갈릭고르곤졸라,130G
과자,오리온 감자엔소스닷 칠리소스맛,120G
김치,종가집 전라도포기김치,1KG
김치,테이스티홈 국내산 깍두기,2KG
반찬,바다담은 순수 젓갈, 
아이스크림,빙그레 요맘때 그릭 블루베리콘,150ML
기타간식,피코크 레이디 핑거 티라미수 케이크,500G
우유,파스퇴르 후레쉬 우유,930ML
우유,소화가 잘되는 우유락토프리 오리지널 멸균,190ML
우유,빙그레 바나나맛우유 키즈 멸균우유,120ML
아이스크림,하겐다즈 프로즌 요거트 옐로우피치,473ML
냉동식품,메밀 지짐만두,800G
과자,치오스틱 오리지날,500G
치즈,프란시아 부팔라,125G
과자,아미고 옥수수 맛콘,280G
소스류,속초식명태초무침,1KG
아이스크림,빙그레 투게더 밀크딸기,660ML
김치,풀무원 톡톡 씨앗 유산균 포기김치,10KG
김치,맛김치,3200G
정육_햄,피코크 훈제 오리 다리 살 슬라이스,200G
기타간식,초록마을 사과즙,100ML
반찬,건곤드레나물볶음,150G
사탕,리콜라 무설탕 스위스 허브 캔디 글라시어민트,40G
김치,명가일품 한입에 반한 특겉절이,700G
소스류,동광젓갈 양념조개젓,180G
우유,빙그레 바나나 스페셜,1440ML
김치,비비고 포기배추김치,3500G
김치,종가집 포기김치 백두,10KG
빵,생크림카스테라 초코,150G
치즈,그라나롤로 그라나파다노,200G
사탕,호박엿 카라멜,35KG
사탕,말랑카우밀크,79G
반찬,영양깜장콩, 
아이스크림,빙그레 슈퍼콘 바닐라,750ML
과자,생생칩핑크솔트,120G
정육_햄,피코크 갈릭 닭 가슴살,140G
정육_햄,레드 양장피,490G
우유,연세 가볍다우유저지방,190ML
아이스크림,구구콘스타 초코 아이스크림, 
아이스크림,참붕어싸만코 아이스크림, 
치즈,끼리 크림치즈 그릭스타일,200G
우유,남양 맛있는 우유,2300ML
과자,사조대림 해표 팝콘,90G
과자,피코크 온더보더 나쵸 칩 오리지널 스낵,100G
과자,오리온 감자패밀리팩,180G
반찬,피코크 전통 일본식 치킨 커리,160G
기타간식,밀크벨벳푸딩, 
과자,노브랜드 고소한 맛짱 스낵,360G
냉동식품,한성 해물경단,880G
기타간식,씨제이 쁘띠첼 요거젤리 블루베리,250G
치즈,상하 미니치즈 크림,144G
정육_햄,굽네 닭가슴살 그릴비엔나 마늘,100G
빵,메나쥬리 탕종식빵, 
치즈,동원 끼리 플레인,200G
우유,덴마크 대니쉬 더건강한 우유,900ML
사탕,리콜라 오리지널 허브 드럼 캔디,100G
과자,토레스 셀렉타 캐비어,110G
과자,솔빛담은 고랭지 감자스낵, 
아이스크림,빙그레 투게더 시그니처, 
기타간식,씨제이 쁘띠첼 클래식티라미수,295G
아이스크림,리치몬드바 아이스크림, 
치즈,몽블랑 까망베르 큐브,100G
김치,마음심은 국내산 배윤자 총각김치,3KG
빵,삼립 더촉촉한 치즈케익,210G
반찬,마늘절임, 
사탕,페퍼민트 트위스트, 
과자,미니 프레첼 와사비맛,85G
반찬,아워홈 매콤오븐닭갈비,180G
냉동식품,동원 개성 왕새우군만두,315G
기타간식,티라미수 베리베리,130G
반찬,춘천명동식닭갈비, 
김치,도들샘열무물김치,3KG
우유,상하목장 유기농 우유 저지방,200ML
사탕,우림 땅콩 캬라멜,650G
정육_햄,마포서서갈비양념 소왕갈비,300G
빵,삼립 핫도그,300G
소스류,동광젓갈 웰빙낙지젓,180G
치즈,에루 키즈 고칼슘 치즈,100G
과자,수미칩 어니언,85G
아이스크림,유기농 블루베리 아이스크림 474 ML, 
정육_햄,훈제 닭가슴살,150G
반찬,양념깻잎,1KG
과자,구운오잉 낙지 호롱구이맛,130G
소스류,안동낫또 우리콩 흑태,54G
기타간식,맥스봉 체다치즈어랏,400G
반찬,통 새우장,1KG
김치,씨제이 비비고 포기배추김치,3300G
정육_햄,지프리모 스파이시페퍼로니살라미,250G
냉동식품,김해축협 치즈돈까스,500G
냉동식품,동원 개성 왕새우만두 빅,1190G
김치,남도미가 감칠맛나는 전라도 깍두기,2KG
반찬,피코크 계란장조림가쓰오,400G
기타간식,무농약반건조호박군고구마,65G
빵,촉촉 식빵,400G
치즈,상하치즈 까망베르 슬라이스,180G
정육_햄,씨제이 오리지널후랑크,500G
김치,씨제이 비비고 썰은총각김치,480G
아이스크림,메로나 아이스크림, 
정육_햄,하림 치즈앤갈릭후랑크,300G
정육_햄,본래토종순대,1KG
빵,기분이 좋아지는 피코크 디저트, 
기타간식,씨제이 쁘띠첼 바나나푸딩,90G
과자,해태 허니버터칩,120G
아이스크림,생귤탱귤바 아이스크림, 
치즈,서울우유 치즈큐빅 플레인,126G
냉동식품,피코크 통통 새우 왕교자,315G
기타간식,피코크 레몬타르트,450G
정육_햄,어메이징 훈제목심,500G
반찬,피코크 계란찜명란,200G
기타간식,삼양 별뽀빠이,72G
소스류,더반찬 오징어젓,200G
아이스크림,허쉬 초코바, 
과자,스페인 유기농 감자칩,40G
냉동식품,오뚜기 맛있는 할라피뇨 핫도그,400G
사탕,명인 생강엿,250G
사탕,터키쉬 구름사탕 코코아맛,250G
사탕,카스가이 구로아메흑사탕,144G
정육_햄,꼬막불고기,150G
우유,비락우유신선배송키트 뼈건강 가족형, 
우유,매일우유 상하목장 유기농 드링킹요거트,180ML
소스류,피코크 소불고기 양념 소스,500G
냉동식품,동원 개성제주돼지왕만두,469G
사탕,롤리팝 막대사탕대, 
아이스크림,노브랜드 상큼한 딸기 아이스,5L
반찬,배윤자 푸짐한 찹스테이크,300G
기타간식,네이처밸리 오츠앤허니,42G
우유,국내산 유기농 라이스밀크,1000ML
냉동식품,한만두 달콤한 갈비만두,420G
기타간식,초코벨벳푸딩, 
빵,프랑스 레몬 파운드 케이크 냉동빵,300G
소스류,신안 프리미엄특등급새우젓육젓,500G
치즈,벨큐브,78G
과자,티카 칩스 팔라피토,212G
기타간식,명인조청 하루든든견과바,25G
치즈,끼리 크림치즈,200G
과자,자주 발효 스틱 건빵, 
냉동식품,피코크 토마토 미트볼,500G
아이스크림,롯데푸드 그릭요거트홈,660ML
김치,마음심은 이종임 나박김치,3KG
냉동식품,피코크 치즈돈까스,600G
소스류,피코크 제대로 맛을 내는 돼지 불고기 양념,180G
소스류,동광젓갈 낙지무말랭이,130G
정육_햄,마포서서갈비양념 소등심로스,230G
김치,피코크 조선호텔 레시피 열무김치,1500G
반찬,카레부어스트,200G
빵,후앙 우유모닝빵, 
냉동식품,고기왕만두,420G
아이스크림,또로롱 더위사냥 커피, 
정육_햄,닭가슴살 스테이크 야채맛,100G
정육_햄,돼지불백,300G
아이스크림,디핀다트 구슬아이스크림,50ML
과자,아미고 우리쌀 대롱스낵,280G
치즈,끌레베르 후레쉬 모짜렐라 치즈,200G
김치,누리원 아삭한 포기김치,2KG
사탕,트롤리 월리,100G
빵,프랑스 프리미엄 뺑멀티세레알 파베이크,45G
기타간식,땡큐베리바,25G
김치,손수담은아삭포기김치,3KG
사탕,자주 점보달고나, 
정육_햄,피코크 안동인 안동 찜닭,1013G
정육_햄,양념 춘천식 닭갈비,600G
김치,마음심은 이종임 동치미,5KG
과자,수미칩 오리지널,55G
김치,씨제이제일제당 비비고 썰은 배추김치,1800G
사탕,코코몽 새콤달콤 포도 복숭아,200G
반찬,풀무원 올바른 또띠아통밀,150G
빵,기린 미니 꿀호떡,400G
빵,사요 쫄깃쫄깃 리얼녹차떡,40G
빵,후앙 뺑드노아, 
소스류,동광젓갈 웰빙명란젓,180G
소스류,피코크 스위트 칠리 디핑 소스,45G
아이스크림,쿠키오 아이스크림, 
치즈,매일유업 알라슬라이스 체다,150G
아이스크림,매그넘 클래식바,110ML
빵,프랑스 프리미엄 미니 뺑오쇼콜라 냉동생지,28G
빵,하니카스테라 월넛파운드, 
치즈,피코크 체다 치즈 슬라이스,400G
사탕,헬로키티 캔디 자판기,15G
기타간식,과자세트 감자칩 과자모음, 
빵,삼립 더촉촉한 오리지널카스테라,270G
냉동식품,씨제이 비비고도톰동그랑땡,425G
사탕,크라운 막쮸,84G
반찬,영덕게살 게살장 게딱지장 세트, 
우유,남양 맛있는 우유 지티 아인슈타인 베이비,900ML
반찬,동광젓갈 웰빙오징어젓,180G
김치,씨제이 비비고 총각김치,500G
냉동식품,대림 오징어듬뿍해물땡,380G
냉동식품,바삭한 탕수육,1200G
빵,소세지몽땅, 
우유,매일우유 멸균 저지방,200ML
정육_햄,하림 닭가슴살 훈제,110G
기타간식,오트밀바 플랩잭스 슈퍼푸드 에너지바, 
사탕,아이스브레이커스 베리스플래쉬스트로베리향,42G
반찬,전철우 소갈비탕,600G
냉동식품,씨제이 고메 바삭튀겨낸 통등심돈카츠,450G
치즈,차이브 앤 갈릭 치즈,125G
아이스크림,누가바,378ML
기타간식,씨제이 쁘띠첼 밀감,130ML
반찬,바다먹자 화끈한 성수쭈꾸미 매운맛,280G
빵,후앙 슈크림빵, 
빵,안흥식품 단팥 품은 옛날 붕어빵,500G
빵,풀무원 올바른 또띠아 우유대,225G
빵,서울식품 미니애플파이,35G
빵,정통뉴욕 어니언 베이글 파베이크,113G
반찬,대림선 신선한 콩자반,150G
치즈,밸리 팜 멜론 망고 치즈,125G
소스류,안동낫또 우리콩 생청국장 백태,54G
빵,프랑스 머핀 슈거데코 냉동빵,95G
기타간식,씨제이 쁘띠첼 스윗푸딩밀크커스터드,95G
사탕,한일 계피향 캔디,450G
기타간식,블랙벨벳샴푸,500ML
빵,하루노유키 독일 바움쿠헨 행운의 케익, 
정육_햄,동원냉장냉동 심야식당 직화 숯불닭꼬치,170G
냉동식품,피코크 안심돈까스,300G
아이스크림,바닐라빈, 
반찬,구운어묵볶음,220G
사탕,마산 땅콩 캬라멜,780G
사탕,포스 리콜라 레몬민트,80G
빵,큐원 아몬드분말,60G
소스류,국산콩 유자나또,50G
사탕,우유속에 말랑말랑 밀크츄,70G
과자,피코크 온더보더 나쵸 칩 비프 화이타 맛 스낵,100G
빵,삼립 아침미소토스트,702G
소스류,한성 오징어젓갈, 
정육_햄,씨제이프레시웨이 실속 돈까스,1300G
사탕,커피맛 캔디,4KG
김치,올가 포기 김치,1900G
기타간식,우리밀김치만두,500G
치즈,덴마크 짜지않은 치즈 고슘비타민,252G
우유,아침의선물,200ML
우유,목장의 신선함이 살아있는 우유,1L
사탕,트롤리 피자모양 젤리,840G
치즈,슈레드 모짜렐라 치즈,1KG
과자,포스틱,270G
과자,청정원 고구마츄,180G
과자,피코크 서울스낵 수고구마스틱,50G
치즈,제주 슈레드 모짜렐라 치즈,300G
정육_햄,올반 한우,150G
반찬,도들샘 해물볶음우동, 
반찬,피코크 부산식 유부 주머니,400G
기타간식,히로타 바닐라크림슈, 
소스류,피코크 국산 들깨로 짜낸 들기름,250ML
기타간식,이마트 초코크런치롤,140G
아이스크림,티코 밀크 초코,510ML
냉동식품,피코크 치킨스테이크,440G
정육_햄,소프트 닭가슴살 혼합,100G
아이스크림,하겐다즈 그린티 아이스크림,100ML
냉동식품,청양고추맛 닭가슴살 곤약 잡채 만두,360G
우유,풀크림 멸균우유,1000ML
소스류,씨제이 다담 매콤돼지 불고기양념,150G
정육_햄,피코크 로즈마리 닭가슴살,140G
기타간식,피코크 초콜릿타르트,430G
냉동식품,뽀뽀뜨반찬 수제두부새우전, 
기타간식,저스트 건과채 스낵, 
빵,피코크 초코케익,190G
사탕,멘토스 스무디,81G
정육_햄,씨제이 더건강한그릴비엔나,160G
아이스크림,롯데죠스바,85ML
기타간식,닥터유 활력충전 에너지바,40G
반찬,영덕게간장순국장 세트, 
김치,테이스티홈 국내산 깍두기,5KG
정육_햄,나주고깃간 갈비찜,500G
우유,매일 저지방,900ML
정육_햄,피코크 매운 바베큐 닭다리,165G
정육_햄,김해축협 한우언양식양념불고기냉동,300G
빵,앙버터몽땅, 
아이스크림,미니컵 화이트 피치 라즈베리, 
반찬,어묵무침,250G
사탕,페즈캔디 디스펜서슈퍼윙스,255G
과자,포테토칩 사워크림어니언,125G
냉동식품,백설 동그랑땡,750G
우유,맛있는우유 딸기, 
사탕,박하맛 캔디,4KG
과자,오리온 오감자,115G
반찬,생선스테이크용 레몬소스, 
김치,씨제이비비고 총각김치,1500G
아이스크림,또로롱 체리마루, 
기타간식,피코크 파베 초콜릿 밀크,130G
사탕,위니비니엑스스누피 썸머미니에코백패키지, 
정육_햄,김해축협 한돈언양식양념불고기냉동,500G
우유,맛있는우유지티멸균초코, 
과자,노브랜드 인절미 스낵,130G
기타간식,노브랜드 소고기치즈브리또,360G
사탕,자주 브라운 별사탕, 
정육_햄,부촌푸드 냉장 유황 생오리,500G
아이스크림,엑설런트컵 바닐라의 꿈 아이스크림,110ML
우유,비락우유 키드우유, 
소스류,피코크 제대로 맛을 내는 고등어 조림 양념,140G
김치,종가집 열무김치페트,290G
과자,허니버터칩,152G
정육_햄,오뗄 장작통삼겹베이컨,500G
냉동식품,올반 육즙가득왕교자,315G
우유,덴마크 대니쉬 더건강한 저지방우유,18L
김치,씨제이 비비고 갓김치,400G
기타간식,망고식스 망고스틱,60G
반찬,하남쭈꾸미,600G
아이스크림,빙그레 투게더 시그니처바닐라,110ML
과자,보겔 팝콘용 옥수수,700G
아이스크림,빙그레 끌레도르 크림치즈바, 
빵,바로먹는 깐계란,70G
과자,피코크 리얼새우 칙크리스피 스파이시,20G
소스류,나래식품 어리굴젓,300G
빵,삼립 구운 미니 마늘바게뜨,120G
아이스크림,더블비얀코 아이스크림, 
기타간식,떠먹는 치즈무스케익,150G
치즈,그라나 파다노,150G
정육_햄,햄스빌 베이컨,110G
사탕,터키쉬 구름사탕 바닐라맛,250G
기타간식,피코크 배 그대로,18G
냉동식품,미니돈가스,300G
냉동식품,동원 대림선 포자찐만두,180G
기타간식,오리온 닥터유 에너지바퀵차치팩,440G
빵,삼립 상쾌한 아침우유 식빵,300G
치즈,일드 프랑스 미니 브리,25G
반찬,부추오이무침,300G
아이스크림,하겐다즈 망고 라즈베리 아이스크림,100ML
반찬,바다먹자 국내산 황게 간장게장,15KG
기타간식,구운 해남 고구마 말랭이,60G
김치,종가집 맛김치,80G
빵,메나쥬리 올리브포카치아, 
냉동식품,피코크 만두연구소 담백한 왕교자,490G
과자,오리온 스윙칩 볶음고추장,124G
반찬,카레가자미구이,250G
빵,피코크 티라미수,70G
냉동식품,감자떡만두,600G
사탕,백설사탕,4KG
과자,허니버터칩 라벤더앤블루베리,120G
사탕,모아블럭 동물의 왕국, 
아이스크림,비비빅 더 프라임 인절미, 
기타간식,벤토스위트앤스파이시,72G
치즈,에루 고다 포션 치즈,120G
치즈,구르메 고르곤졸라,150G
정육_햄,미소담은 미쏘야모듬소시지,990G
소스류,백설 다담 뚝배기 청국장 찌개양념,130G
빵,큐원 리프젤라틴,20G
소스류,유색 명란젓갈,120G
사탕,멘토스 전용 케이스증정미니 레인보우,1KG
치즈,몽블랑 체다 큐브,100G
기타간식,풀무원 아임리얼 떠먹는 망고,130G
사탕,사랑방선물캔디,187G
우유,남양 초코에몽,250ML
반찬,국내산 명이나물 장아찌,100G
빵,감자식빵, 
냉동식품,냉동 하림 굿초이스프로라인 치킨너겟,1KG
냉동식품,짬뽕군만두,210G
반찬,종가집 옛맛 국산 깻잎지,150G
반찬,아산 맛집 쭈꾸뿅 쭈꾸미 순한맛,650G
빵,프랑스 프리미엄 초콜릿 트위스트 냉동생지,90G
반찬,피코크 돼지 고기 장조림,180G
우유,매일우유 상하목장 슬로우 저지방밀크,750ML
반찬,바다먹자 화끈한 성수쭈꾸미 약간매운맛,280G
우유,소화가 잘되는 우유락토프리 저지방 멸균,190ML
빵,피코크 당근 케익,190G
정육_햄,롯데푸드주 베이컨 갈릭페퍼,300G
과자,피코크 인절미 맛 팝콘 스낵,120G
과자,노브랜드 체다 치즈볼 스낵,370G
정육_햄,굽네 스파이시 훈제 닭가슴살 슬라이스,100G
사탕,완도명가 전복 다시마캬라멜,180G
정육_햄,참나무훈연비엔나,740G
과자,마켓오 리얼 치즈칩 포테이토,62G
빵,하니카스테라진한 초콜릿 파운드, 
과자,옥수수 쫀드기,120G
과자,프렌즈 바나나칩, 
기타간식,동원 저스트 과일퓨레 파인애플사과,130ML
냉동식품,취영루 물만두,700G
김치,씨제이 비비고 썰은배추김치,100G
반찬,아워홈 매콤제육불고기,190G
과자,씨제이 맥스칩 스윗포테이토,50G
정육_햄,롯데 의성마늘구이햄,320G
빵,피코크 얼그레이 쉬폰케익,120G
기타간식,굽네 닭가슴살 꾸이,23G
우유,매일 소화가잘되는우유 멸균,190ML
정육_햄,노브랜드 그릴 닭가슴살,140G
반찬,속초 선호 맛있는젓갈,1KG
빵,밀크앤허니 하니카스테라 잉글리쉬파운드, 
정육_햄,클라식소시지 영국식 수제 숙성 베이컨,500G
우유,모리나가핫케익믹스,300G
정육_햄,닭가슴살 소시지 야채맛,100G
치즈,매일상하 유기농 초지 방목 치즈,180G
냉동식품,프리미엄 돈까스,840G
기타간식,삼립 달콤한 초코슈,150G
김치,테이스티홈 국내산 총각김치,5KG
아이스크림,투게더 밀크딸기 아이스크림, 
빵,유기농 순수 호밀빵,550G
김치,동원 자연을담그다 양반 썰은김치,80G
정육_햄,동원냉장냉동 통그릴 윈너,450ML
치즈,동원 덴마크 피자치즈,280G
사탕,멘토스 푸르티,375G
반찬,오징어젓갈,400G
사탕,노벨 슈퍼 레몬캔디,83G
냉동식품,오뚜기 짜장면,135G
아이스크림,라라스윗 요거트, 
우유,매일 멸균 무지방,200ML
치즈,미니 고다스틱,120G
치즈,매일 상하치즈 브리치즈,100G
과자,피코크 스윗솔트 팝콘 자이언트,450G
빵,큐원 레인보우 스프링클,130G
치즈,알라 슬라이스 기획고다모짜렐라,150G
기타간식,동서 플랜터스 드라이로스트 피넛,453G
기타간식,풀무원 토이쿠키 씽씽자동차만들기, 
사탕,푸쵸 후르츠향 믹스,90G
과자,크라운 죠리퐁,74G
과자,구운 캐슈넛,100G
기타간식,리얼 멕시칸브리또 치폴레살사치킨,375G
우유,깔끔한 저지방,900ML
빵,롯데 바로구워토스트,380G
냉동식품,새우 하카우 꼬리,200G
정육_햄,돌가마 국내산 돼지특수부위 왕덜미살,600G
사탕,청우 유가,400G
소스류,찬마루 중화마파두부 양념소스, 
김치,참다올 전라도광주김치 백김치,3KG
우유,마시는 단백질 한끼 비락 시리얼, 
기타간식,피키바 로렌 메가넛츠,45G
사탕,농심 츄파춥스 투펀,168G
아이스크림,롯데 조안나 바닐라,850ML
김치,더김치 열무물김치,2KG
냉동식품,창화당 고기궁중만두, 
정육_햄,본래찰순대,1KG
우유,아인슈타인,900ML
기타간식,씨제이 쁘띠첼 워터젤리 복숭아,130ML
과자,수미칩 오리지널,85G
아이스크림,또로롱 스크류바, 
아이스크림,빙그레 투게더 아이스크림,910ML
치즈,에담 슬라이스,150G
반찬,피코크 적 양배추 피클,300G
기타간식,크림수제 쿠키슈 초코,70G
김치,뽀뽀뜨김치 양배추백김치, 
김치,종가집 열무김치,5KG
소스류,다담 부대찌개양념,140G
우유,매일유업 매일 바이오 드링크,200ML
정육_햄,씨제이 더건강한 이탈리안통베이컨 갈릭바질,350G
김치,종가집 묵은지김치,1600G
반찬,전철우 나주곰탕,600G
정육_햄,케이미트 쇠고기육포,50G
빵,하루노유키 바움쿠헨 행운의 케익 피레네 플레인 선물세트, 
우유,네슬 네스퀵,180ML
과자,꾸이대통,220G
김치,아라김치 해양심층수 아라백김치,3KG
반찬,피코크 멸치호두볶음,70G
김치,마음심은 국내산 배윤자 열무물김치,5KG
치즈,벨큐브 치즈믹스 치즈,125G
냉동식품,동원 미니돈까스,450G
사탕,대만 마쉬멜로우 어쏘티드,100G
김치,대복 포기김치,5KG
치즈,데어리워크스 모짜렐라 치즈,250G
냉동식품,씨제이 숯불향 닭강정,250G
우유,아침의선물,930ML
반찬,차림 두마리장어구이, 
소스류,씨제이 유산균 생나또 가쓰오간장,99G
기타간식,피코크 티라미수 케이크대용량,680G
빵,나폴레옹 버터롤, 
기타간식,씨제이 쁘띠첼 스윗푸딩 크림쇼콜라,95G
반찬,춘천신선한입닭갈비,1KG
사탕,오리온 밀크카라멜 오리지널,63G
김치,종가집 어린이 한입 백김치,300G
사탕,자두맛캔디,4KG
아이스크림,부라보콘 초코청크 아이스크림, 
김치,제주김치 간편하고 맛좋은 유산균 맛김치,650G
빵,잉글리쉬파운드진한 블루베리 파운드, 
과자,노브랜드 감자칩 김와사비향,110G
과자,크라운 참쌀선과,253G
정육_햄,특가 일품 닭가슴살 스테이크,100G
치즈,남양 드빈치 자연방목치즈,255G
우유,무항생제 인증 위드맘 첫우유,125ML
우유,귀리우유귀리음료 초코,250ML
반찬,피코크 연근조림,130G
사탕,명인 호박엿,300G
기타간식,생강가루,25G
사탕,누룽지향 캔디,4KG
소스류,동광 신안어담새우젓육젓,500G
우유,오트밀크,225ML
아이스크림,아이스노이에 토카치아즈키 아이스크림, 
정육_햄,굽네 갈비천왕 치밥,200G
김치,참다올 전라도광주김치 묵은지,3KG
김치,풍산김치 포기김치,2500G
냉동식품,피코크 오삼불고기만두,630G
소스류,동광젓갈 웰빙창란젓,180G
과자,자주 담백한맛 미니 뻥튀기, 
빵,할매안흥찐빵 쌀찐빵단호박쌀찐빵흑미쌀찐빵새싹순보리쌀찐빵, 
김치,피코크 조선호텔 총각 김치,1KG
정육_햄,안주당냉동돼지불막창,150G
사탕,일본 커피사탕 스미야키,100G
정육_햄,김해축협 한우양념불고기냉장,300G
치즈,그리스 페타,150G
사탕,흑사탕,4KG
냉동식품,모닝하임 물만두,3KG
사탕,일본 박하사탕 하카향아메,180G
빵,메나쥬리 호두앙금빵, 
반찬,옛날 닭볶음탕,200G
김치,테이스티홈 국내산 총각김치,2KG
반찬,새우향가득전,195G
사탕,미성 머쉬멜로우젤리,110G
과자,너티조이 마라땅콩, 
사탕,청우 캔디종합,450G
김치,제주김치 자리젓갈 김치,5KG
우유,내추럴초이스 아밀키 어나더밀크 아몬드 슈가프리,500ML
우유,이마트 뼈에 쏙쏙 고칼슘 저지방 우유,18L
기타간식,파스키에 팡올레,280G
사탕,호박맛 젤리,4KG
아이스크림,피코크 아이스크림 티라미수, 
치즈,데어리워크스 파마산,200G
빵,후앙 파이만쥬 세트, 
냉동식품,대림 안심치킨텐더스틱,410G
치즈,덴마크 유기농 우리아기치즈 스텝12 어린이치즈, 
치즈,해피카우 레귤러 포션치즈,360G
우유,덴마크 목장 무항생제인증 우유,2880ML
과자,피코크 서울스낵 찹쌀과자 조청맛,100G
냉동식품,올반 정통 닭강정,500G
김치,피코크 조선호텔 맛김치,80G
아이스크림,롯데 조안나 호두,900ML
우유,매일 멸균 소화가잘되는 저지방우유, 
기타간식,삼립 소프트에그타르트,300G
빵,나폴레옹 크랜베리바게트, 
김치,남도미가 감칠맛나는 전라도 총각김치,2KG
빵,서울식품 미니치즈쿠키,18G
빵,로러후즈 필라델피아 치즈케익플레인,794G
우유,파스퇴르 저지방 우유,930ML
빵,큐원 다크 컴파운드 칩스,120G
과자,해태 홈런볼 초코,230G
기타간식,레드베리 에너지바,25G
기타간식,고단백 통곡물바 단백할시간 레드,35G
치즈,구르메 다니엘 제노아 살라미,198G
